Name,ID,Gender,Sem1,Sem2,Sem3,Sem4,Sem5,Sem6,Sem7,Sem8,Result
Student1,ID31,Female,6,9,6,7,9,7,8,6,Pass
Student2,ID32,Male,9,8,8,9,7,6,8,9,Pass
Student3,ID33,Female,9,8,9,8,7,6,6,8,Pass
Student4,ID34,Male,6,7,6,8,8,6,7,6,Pass
Student5,ID35,Female,7,7,7,7,9,6,8,9,Pass
Student6,ID36,Male,6,6,9,8,9,9,6,9,Pass
Student7,ID37,Male,8,8,9,6,9,7,7,6,Pass
Student8,ID38,Male,9,8,9,9,0,8,7,9,Fail
Student9,ID39,Female,6,9,8,8,8,7,8,6,Pass
Student10,ID210,Male,6,8,7,6,6,8,9,7,Pass
Student11,ID211,Male,9,7,9,7,8,8,7,7,Pass
Student12,ID212,Male,8,7,0,8,9,6,7,6,Fail
Student13,ID213,Female,8,8,6,8,6,9,0,9,Fail
Student14,ID214,Male,8,8,9,9,7,8,9,6,Pass
Student15,ID215,Female,0,6,8,6,7,0,7,9,Fail
Student16,ID216,Female,0,9,8,7,6,8,6,9,Fail
Student17,ID217,Male,6,6,9,9,8,7,8,6,Pass
Student18,ID218,Male,9,8,7,8,9,0,9,8,Fail
Student19,ID219,Male,9,9,8,0,6,7,7,8,Fail
Student20,ID220,Male,6,7,8,8,0,7,7,7,Fail
Student21,ID221,Female,7,6,6,9,8,8,8,8,Pass
Student22,ID222,Male,7,8,0,8,7,8,8,6,Fail
Student23,ID223,Female,7,9,7,8,9,9,8,8,Pass
Student24,ID224,Male,6,9,8,7,9,7,9,6,Pass
Student25,ID225,Male,7,8,9,8,8,6,6,9,Pass
Student26,ID226,Female,8,9,6,6,0,0,7,7,Fail
Student27,ID227,Female,8,8,9,8,9,7,6,8,Pass
Student28,ID228,Male,7,6,7,9,9,9,8,7,Pass
Student29,ID229,Male,8,7,8,6,9,9,9,8,Pass
Student30,ID230,Male,8,7,6,8,8,8,8,7,Pass
Student31,ID231,Female,8,8,7,8,6,6,6,9,Pass
Student32,ID232,Female,6,6,6,9,7,7,7,8,Pass
Student33,ID233,Female,8,8,7,9,8,9,9,6,Pass
Student34,ID234,Male,7,9,6,9,8,9,8,9,Pass
Student35,ID235,Male,6,8,9,7,7,9,8,0,Fail
Student36,ID236,Female,7,8,9,6,7,8,7,6,Pass
Student37,ID237,Female,9,9,9,9,0,9,6,9,Fail
Student38,ID238,Female,6,9,9,0,6,7,6,6,Fail
Student39,ID239,Female,6,6,6,9,9,9,9,6,Pass
Student40,ID240,Male,9,8,6,6,7,9,9,6,Pass
Student41,ID241,Male,8,6,7,8,8,7,0,8,Fail
Student42,ID242,Female,8,9,9,6,6,6,6,7,Pass
Student43,ID243,Female,6,9,6,8,9,8,9,6,Pass
Student44,ID244,Male,6,7,8,8,6,6,8,8,Pass
Student45,ID245,Female,6,8,8,9,6,9,6,7,Pass
Student46,ID246,Female,0,6,0,7,0,6,8,6,Fail
Student47,ID247,Female,8,6,8,8,8,6,8,6,Pass
Student48,ID248,Male,8,6,9,8,8,8,7,6,Pass
Student49,ID249,Male,9,8,8,6,8,7,9,7,Pass
Student50,ID250,Male,7,8,0,6,9,7,9,7,Fail
Student51,ID251,Male,9,9,8,7,6,9,9,0,Fail
Student52,ID252,Male,8,0,9,6,7,7,8,9,Fail
Student53,ID253,Female,6,9,8,9,8,7,8,6,Pass
Student54,ID254,Female,6,8,9,8,8,6,7,8,Pass
Student55,ID255,Male,9,9,7,9,9,8,9,6,Pass
Student56,ID256,Female,9,8,6,6,7,6,7,9,Pass
Student57,ID257,Female,6,7,8,0,6,6,8,8,Fail
Student58,ID258,Female,9,7,7,7,0,8,9,8,Fail
Student59,ID259,Female,8,7,6,7,9,7,8,9,Pass
Student60,ID260,Male,6,9,9,8,9,6,6,9,Pass
Student61,ID261,Male,9,8,6,9,7,9,9,7,Pass
Student62,ID262,Female,8,9,8,7,9,9,6,7,Pass
Student63,ID263,Female,9,8,7,8,9,8,9,8,Pass
Student64,ID264,Female,6,7,6,8,8,7,7,8,Pass
Student65,ID265,Male,7,8,9,7,6,9,8,7,Pass
Student66,ID266,Male,8,9,6,6,7,0,8,6,Fail
Student67,ID267,Female,8,7,7,7,8,9,9,9,Pass
Student68,ID268,Female,8,9,6,0,8,9,8,7,Fail
Student69,ID269,Male,7,0,9,7,8,6,6,8,Fail
Student70,ID270,Female,7,8,6,9,9,9,6,6,Pass
Student71,ID271,Male,0,8,9,6,7,6,9,6,Fail
Student72,ID272,Female,8,6,9,9,9,9,9,6,Pass
Student73,ID273,Male,8,9,0,9,8,6,8,8,Fail
Student74,ID274,Male,7,9,7,8,9,9,9,6,Pass
Student75,ID275,Female,7,8,6,7,8,6,9,7,Pass
Student76,ID276,Male,7,6,8,6,9,7,9,7,Pass
Student77,ID277,Male,9,0,8,7,8,8,6,0,Fail
Student78,ID278,Female,9,6,7,7,0,8,0,9,Fail
Student79,ID279,Male,6,0,7,6,9,9,6,7,Fail
Student80,ID280,Female,0,7,6,6,9,9,7,8,Fail
Student81,ID281,Male,0,9,7,6,7,9,8,9,Fail
Student82,ID282,Male,7,8,0,8,9,6,8,8,Fail
Student83,ID283,Male,8,6,8,6,7,8,7,7,Pass
Student84,ID284,Male,6,6,9,9,7,7,7,9,Pass
Student85,ID285,Male,7,7,8,6,6,7,6,8,Pass
Student86,ID286,Male,8,7,8,9,7,9,7,6,Pass
Student87,ID287,Male,8,8,9,7,9,8,6,6,Pass
Student88,ID288,Male,8,7,0,7,6,9,7,6,Fail
Student89,ID289,Male,7,9,8,8,8,7,9,6,Pass
Student90,ID290,Female,8,9,7,8,9,8,9,8,Pass
Student91,ID291,Female,9,6,8,8,9,9,8,6,Pass
Student92,ID292,Female,8,6,7,8,8,8,7,9,Pass
Student93,ID293,Male,6,7,6,9,9,8,9,8,Pass
Student94,ID294,Male,0,6,6,0,8,0,9,6,Fail
Student95,ID295,Female,6,9,9,7,7,7,7,0,Fail
Student96,ID296,Male,6,6,9,8,7,6,6,8,Pass
Student97,ID297,Male,7,9,0,9,9,7,8,9,Fail
Student98,ID298,Female,0,7,6,7,9,7,7,8,Fail
Student99,ID299,Female,7,7,8,8,7,6,9,9,Pass
Student100,ID1100,Female,9,8,9,7,8,6,7,8,Pass
Student101,ID1101,Female,9,6,7,8,8,6,6,6,Pass
Student102,ID1102,Female,6,8,7,9,9,7,6,6,Pass
Student103,ID1103,Male,7,6,8,6,7,7,6,9,Pass
Student104,ID1104,Female,6,9,6,6,6,9,7,9,Pass
Student105,ID1105,Female,7,7,9,7,9,6,7,9,Pass
Student106,ID1106,Female,9,6,8,9,7,0,8,7,Fail
Student107,ID1107,Male,7,9,9,9,7,6,8,7,Pass
Student108,ID1108,Male,9,7,9,7,6,9,7,0,Fail
Student109,ID1109,Female,9,6,6,7,7,8,7,8,Pass
Student110,ID1110,Female,6,8,8,6,7,7,7,6,Pass
Student111,ID1111,Male,9,7,7,6,8,6,8,8,Pass
Student112,ID1112,Male,8,8,8,9,6,6,7,7,Pass
Student113,ID1113,Female,9,0,9,6,7,9,7,6,Fail
Student114,ID1114,Female,0,8,7,9,9,8,9,8,Fail
Student115,ID1115,Male,9,8,6,8,8,8,8,9,Pass
Student116,ID1116,Female,6,6,9,8,6,6,7,6,Pass
Student117,ID1117,Male,9,8,6,0,9,7,0,8,Fail
Student118,ID1118,Male,9,7,6,0,9,7,6,6,Fail
Student119,ID1119,Female,7,0,9,9,9,8,8,7,Fail
Student120,ID1120,Female,6,6,8,8,7,9,6,9,Pass
Student121,ID1121,Female,7,8,6,8,6,7,7,7,Pass
Student122,ID1122,Male,7,6,0,8,7,7,6,6,Fail
Student123,ID1123,Female,0,6,0,8,8,9,9,7,Fail
Student124,ID1124,Male,9,6,6,7,8,9,6,7,Pass
Student125,ID1125,Female,9,9,9,8,0,7,9,8,Fail
Student126,ID1126,Female,6,6,7,7,6,9,8,8,Pass
Student127,ID1127,Female,7,7,7,9,9,7,9,6,Pass
Student128,ID1128,Male,8,6,8,9,7,8,6,8,Pass
Student129,ID1129,Male,7,9,9,6,6,7,6,8,Pass
Student130,ID1130,Female,6,9,6,6,7,7,9,7,Pass
Student131,ID1131,Female,9,9,9,6,0,9,6,7,Fail
Student132,ID1132,Male,7,6,7,6,7,8,8,8,Pass
Student133,ID1133,Female,6,8,8,9,9,8,6,8,Pass
Student134,ID1134,Female,8,8,9,9,9,9,7,8,Pass
Student135,ID1135,Female,9,6,7,9,7,8,6,0,Fail
Student136,ID1136,Male,7,9,6,6,7,7,8,7,Pass
Student137,ID1137,Male,9,7,8,9,7,7,7,8,Pass
Student138,ID1138,Male,7,8,6,8,7,9,6,6,Pass
Student139,ID1139,Female,9,9,9,9,8,6,7,0,Fail
Student140,ID1140,Female,8,6,8,7,7,9,8,6,Pass
Student141,ID1141,Male,9,7,6,6,9,8,6,8,Pass
Student142,ID1142,Male,9,8,9,9,7,6,8,6,Pass
Student143,ID1143,Female,7,9,6,9,0,9,8,6,Fail
Student144,ID1144,Male,6,7,6,8,8,0,6,6,Fail
Student145,ID1145,Male,6,8,9,8,7,9,9,9,Pass
Student146,ID1146,Female,7,6,9,8,6,7,7,9,Pass
Student147,ID1147,Male,6,0,8,9,8,6,6,8,Fail
Student148,ID1148,Female,9,8,9,9,6,8,7,9,Pass
Student149,ID1149,Female,7,7,7,8,8,9,8,9,Pass
Student150,ID1150,Male,7,6,9,9,7,9,6,8,Pass
Student151,ID1151,Female,9,6,6,6,7,6,6,7,Pass
Student152,ID1152,Female,9,0,6,8,7,8,0,7,Fail
Student153,ID1153,Female,0,7,6,6,6,7,9,9,Fail
Student154,ID1154,Male,8,8,6,7,7,8,7,6,Pass
Student155,ID1155,Female,6,7,6,6,6,9,8,9,Pass
Student156,ID1156,Female,8,8,7,7,6,8,6,6,Pass
Student157,ID1157,Female,7,8,0,6,6,7,9,9,Fail
Student158,ID1158,Male,6,8,7,8,9,8,6,8,Pass
Student159,ID1159,Female,8,6,8,9,9,7,7,6,Pass
Student160,ID1160,Female,6,0,9,7,7,9,6,6,Fail
Student161,ID1161,Male,8,7,9,8,8,9,8,6,Pass
Student162,ID1162,Male,7,7,6,8,0,6,9,6,Fail
Student163,ID1163,Male,9,9,8,9,7,8,7,9,Pass
Student164,ID1164,Female,6,9,8,8,8,6,6,6,Pass
Student165,ID1165,Male,7,6,9,9,7,6,9,6,Pass
Student166,ID1166,Female,9,6,9,9,8,7,8,8,Pass
Student167,ID1167,Female,6,8,6,7,7,9,6,7,Pass
Student168,ID1168,Male,6,8,6,9,7,9,9,7,Pass
Student169,ID1169,Male,8,7,7,8,6,7,9,8,Pass
Student170,ID1170,Male,6,8,8,8,7,6,8,6,Pass
Student171,ID1171,Female,8,9,7,9,7,6,0,8,Fail
Student172,ID1172,Female,0,0,8,9,7,9,6,7,Fail
Student173,ID1173,Female,9,8,8,7,8,8,8,8,Pass
Student174,ID1174,Male,7,0,8,7,8,9,8,8,Fail
Student175,ID1175,Male,9,8,9,8,8,8,7,0,Fail
Student176,ID1176,Male,7,8,9,9,9,9,6,7,Pass
Student177,ID1177,Male,0,6,7,6,9,9,7,6,Fail
Student178,ID1178,Female,6,9,6,9,7,7,6,0,Fail
Student179,ID1179,Male,7,6,7,6,7,9,7,7,Pass
Student180,ID1180,Male,9,6,9,7,7,6,6,7,Pass
Student181,ID1181,Female,7,6,8,6,9,6,7,9,Pass
Student182,ID1182,Male,7,8,7,7,6,9,7,9,Pass
Student183,ID1183,Female,7,7,7,9,7,9,7,6,Pass
Student184,ID1184,Female,6,7,7,6,9,9,9,7,Pass
Student185,ID1185,Male,8,6,9,7,0,9,6,8,Fail
Student186,ID1186,Male,9,7,7,8,8,9,6,9,Pass
Student187,ID1187,Male,7,7,8,6,8,0,6,8,Fail
Student188,ID1188,Female,8,8,9,6,6,8,8,7,Pass
Student189,ID1189,Male,9,6,9,9,8,6,8,6,Pass
Student190,ID1190,Female,9,8,7,6,7,0,8,6,Fail
Student191,ID1191,Female,9,6,6,8,7,6,0,9,Fail
Student192,ID1192,Male,6,7,6,9,9,7,9,9,Pass
Student193,ID1193,Female,7,9,9,7,0,9,6,6,Fail
Student194,ID1194,Male,6,6,9,7,8,6,8,9,Pass
Student195,ID1195,Female,7,8,6,9,7,8,6,9,Pass
Student196,ID1196,Male,9,8,9,9,9,7,8,9,Pass
Student197,ID1197,Male,8,6,8,8,7,7,6,8,Pass
Student198,ID1198,Female,8,7,0,7,9,7,9,7,Fail
Student199,ID1199,Female,7,8,6,8,8,8,9,9,Pass
Student200,ID1200,Male,9,6,7,8,9,9,6,9,Pass
Student201,ID1201,Male,6,8,6,6,6,6,6,7,Pass
Student202,ID1202,Female,8,6,6,6,8,9,9,8,Pass
Student203,ID1203,Female,9,7,6,7,0,8,8,9,Fail
Student204,ID1204,Male,0,7,9,8,9,9,8,9,Fail
Student205,ID1205,Female,0,9,7,7,7,9,9,7,Fail
Student206,ID1206,Female,8,9,0,7,8,9,7,9,Fail
Student207,ID1207,Male,9,7,6,8,8,8,9,9,Pass
Student208,ID1208,Female,7,9,7,7,8,9,8,7,Pass
Student209,ID1209,Female,7,7,9,8,6,6,8,8,Pass
Student210,ID1210,Male,8,6,9,6,9,6,8,6,Pass
Student211,ID1211,Male,8,6,7,6,6,9,8,6,Pass
Student212,ID1212,Female,8,0,6,8,6,8,6,8,Fail
Student213,ID1213,Male,8,0,6,7,7,7,9,9,Fail
Student214,ID1214,Male,7,8,9,9,6,6,6,7,Pass
Student215,ID1215,Male,8,6,9,9,7,8,0,8,Fail
Student216,ID1216,Female,7,6,7,7,9,7,6,9,Pass
Student217,ID1217,Female,7,6,6,7,9,8,8,7,Pass
Student218,ID1218,Male,6,0,8,7,6,9,7,9,Fail
Student219,ID1219,Male,9,0,8,8,7,7,0,8,Fail
Student220,ID1220,Male,6,9,8,0,7,0,0,6,Fail
Student221,ID1221,Male,8,8,9,7,8,9,8,9,Pass
Student222,ID1222,Male,7,6,8,8,6,8,9,9,Pass
Student223,ID1223,Male,6,9,0,9,7,9,6,7,Fail
Student224,ID1224,Male,6,6,9,9,7,8,6,6,Pass
Student225,ID1225,Female,9,6,7,0,6,7,7,7,Fail
Student226,ID1226,Female,7,8,8,9,6,7,8,8,Pass
Student227,ID1227,Female,9,8,7,6,9,6,9,8,Pass
Student228,ID1228,Female,7,9,9,8,8,6,7,7,Pass
Student229,ID1229,Male,6,6,6,8,6,8,7,6,Pass
Student230,ID1230,Male,8,0,9,9,8,9,7,8,Fail
Student231,ID1231,Male,8,8,9,6,9,6,9,8,Pass
Student232,ID1232,Male,9,6,7,7,0,8,6,6,Fail
Student233,ID1233,Male,9,7,6,7,9,7,9,9,Pass
Student234,ID1234,Female,9,9,6,7,9,9,6,7,Pass
Student235,ID1235,Female,7,6,7,6,8,7,6,7,Pass
Student236,ID1236,Male,9,9,7,9,7,8,6,7,Pass
Student237,ID1237,Female,9,0,9,7,6,8,6,6,Fail
Student238,ID1238,Male,7,6,6,6,6,7,6,8,Pass
Student239,ID1239,Male,9,8,6,6,6,9,8,7,Pass
Student240,ID1240,Female,8,6,7,6,9,9,8,8,Pass
Student241,ID1241,Male,7,0,8,7,8,7,8,9,Fail
Student242,ID1242,Male,9,8,6,8,7,6,8,6,Pass
Student243,ID1243,Male,6,8,9,7,7,8,0,9,Fail
Student244,ID1244,Female,9,7,9,8,9,6,8,9,Pass
Student245,ID1245,Male,6,7,8,9,6,6,8,7,Pass
Student246,ID1246,Male,8,9,8,7,6,8,8,7,Pass
Student247,ID1247,Female,7,8,6,7,9,9,6,6,Pass
Student248,ID1248,Female,6,7,9,6,6,8,7,0,Fail
Student249,ID1249,Male,9,7,0,9,8,6,8,7,Fail
Student250,ID1250,Female,6,8,8,6,9,7,8,7,Pass
Student251,ID1251,Female,9,0,7,9,6,6,9,7,Fail
Student252,ID1252,Female,0,8,7,8,6,9,9,8,Fail
Student253,ID1253,Female,8,8,6,8,7,8,9,6,Pass
Student254,ID1254,Female,6,8,8,7,6,8,6,9,Pass
Student255,ID1255,Male,0,6,7,6,7,7,8,9,Fail
Student256,ID1256,Female,6,6,6,9,8,8,9,8,Pass
Student257,ID1257,Female,9,9,6,8,7,9,9,8,Pass
Student258,ID1258,Male,0,8,7,6,8,7,9,7,Fail
Student259,ID1259,Female,8,7,0,7,6,8,7,0,Fail
Student260,ID1260,Male,7,8,7,8,8,9,6,0,Fail
Student261,ID1261,Male,9,0,8,7,9,9,0,7,Fail
Student262,ID1262,Male,6,0,0,8,6,7,8,9,Fail
Student263,ID1263,Female,9,9,0,9,7,9,8,6,Fail
Student264,ID1264,Male,8,6,8,7,6,6,9,7,Pass
Student265,ID1265,Female,9,6,6,8,6,9,6,0,Fail
Student266,ID1266,Female,6,9,6,6,6,0,6,9,Fail
Student267,ID1267,Female,8,6,7,9,8,8,8,0,Fail
Student268,ID1268,Female,9,9,7,7,7,9,7,8,Pass
Student269,ID1269,Female,9,9,6,6,7,9,6,9,Pass
Student270,ID1270,Female,7,6,9,8,9,6,7,0,Fail
Student271,ID1271,Female,9,6,8,9,9,9,9,8,Pass
Student272,ID1272,Male,7,7,7,9,8,9,6,7,Pass
Student273,ID1273,Male,6,7,6,7,6,6,8,6,Pass
Student274,ID1274,Female,9,7,6,8,8,7,9,6,Pass
Student275,ID1275,Male,7,8,7,6,9,9,9,7,Pass
Student276,ID1276,Female,6,7,9,9,6,7,7,8,Pass
Student277,ID1277,Female,7,0,6,8,6,0,9,6,Fail
Student278,ID1278,Female,8,0,6,7,9,8,8,7,Fail
Student279,ID1279,Male,7,7,8,8,9,9,7,8,Pass
Student280,ID1280,Female,9,7,6,9,6,8,6,9,Pass
Student281,ID1281,Male,0,6,7,7,8,6,9,7,Fail
Student282,ID1282,Male,8,9,9,7,6,9,7,7,Pass
Student283,ID1283,Female,7,8,8,7,9,6,6,6,Pass
Student284,ID1284,Male,8,6,9,9,7,6,7,9,Pass
Student285,ID1285,Male,8,7,7,7,7,9,6,7,Pass
Student286,ID1286,Female,9,6,7,7,7,8,0,6,Fail
Student287,ID1287,Female,9,7,9,9,6,6,7,8,Pass
Student288,ID1288,Male,7,6,6,7,6,9,7,8,Pass
Student289,ID1289,Female,9,8,8,8,0,7,8,6,Fail
Student290,ID1290,Male,6,8,7,7,0,6,9,8,Fail
Student291,ID1291,Male,8,8,7,7,7,9,7,9,Pass
Student292,ID1292,Male,8,8,6,9,9,8,9,7,Pass
Student293,ID1293,Male,8,7,8,7,6,9,0,6,Fail
Student294,ID1294,Female,7,7,7,9,9,8,8,6,Pass
Student295,ID1295,Male,8,6,0,7,8,7,7,6,Fail
Student296,ID1296,Female,8,6,0,8,7,9,8,8,Fail
Student297,ID1297,Male,9,8,7,7,7,6,7,9,Pass
Student298,ID1298,Male,6,7,6,9,7,0,0,7,Fail
Student299,ID1299,Female,9,9,6,6,9,8,9,9,Pass
Student300,ID1300,Female,7,0,6,8,8,6,9,8,Fail
Student301,ID1301,Male,9,8,0,8,9,9,7,9,Fail
Student302,ID1302,Female,8,8,9,7,8,8,8,6,Pass
Student303,ID1303,Male,6,7,0,8,8,8,6,9,Fail
Student304,ID1304,Female,7,8,7,6,7,9,6,9,Pass
Student305,ID1305,Female,9,9,8,9,7,6,9,8,Pass
Student306,ID1306,Male,6,9,6,9,6,7,7,6,Pass
Student307,ID1307,Male,8,8,7,0,8,9,8,6,Fail
Student308,ID1308,Female,8,7,7,8,9,6,9,6,Pass
Student309,ID1309,Male,0,8,6,8,6,6,7,6,Fail
Student310,ID1310,Male,8,0,8,6,6,0,7,9,Fail
Student311,ID1311,Female,7,0,9,8,7,8,8,9,Fail
Student312,ID1312,Male,8,9,9,7,7,6,7,7,Pass
Student313,ID1313,Male,0,6,8,0,9,9,9,6,Fail
Student314,ID1314,Male,6,6,6,7,0,6,8,6,Fail
Student315,ID1315,Male,8,0,6,0,8,7,6,8,Fail
Student316,ID1316,Male,6,6,7,6,6,9,7,8,Pass
Student317,ID1317,Male,7,6,9,7,9,9,8,9,Pass
Student318,ID1318,Male,7,9,6,8,0,8,9,9,Fail
Student319,ID1319,Male,9,9,9,7,8,0,7,6,Fail
Student320,ID1320,Female,6,8,6,7,7,8,9,7,Pass
Student321,ID1321,Male,6,6,8,9,6,7,6,7,Pass
Student322,ID1322,Female,9,6,7,9,9,8,6,9,Pass
Student323,ID1323,Female,6,7,6,6,6,7,7,9,Pass
Student324,ID1324,Female,9,6,6,7,8,6,7,7,Pass
Student325,ID1325,Female,6,7,8,6,7,6,7,8,Pass
Student326,ID1326,Female,7,7,7,6,8,9,7,7,Pass
Student327,ID1327,Male,6,8,9,8,9,7,8,9,Pass
Student328,ID1328,Female,8,8,6,6,0,8,7,6,Fail
Student329,ID1329,Female,6,9,9,7,9,6,7,7,Pass
Student330,ID1330,Female,6,7,7,9,7,9,7,6,Pass
Student331,ID1331,Female,9,7,6,6,9,9,8,9,Pass
Student332,ID1332,Female,8,7,8,0,6,8,8,9,Fail
Student333,ID1333,Male,9,6,8,7,8,8,8,7,Pass
Student334,ID1334,Female,9,6,6,9,8,9,6,9,Pass
Student335,ID1335,Male,6,7,7,9,6,6,8,8,Pass
Student336,ID1336,Male,7,8,7,6,7,8,8,7,Pass
Student337,ID1337,Male,8,6,9,9,7,6,8,9,Pass
Student338,ID1338,Female,8,9,9,9,7,9,6,6,Pass
Student339,ID1339,Female,7,6,6,6,6,7,9,7,Pass
Student340,ID1340,Male,8,9,8,6,7,6,9,6,Pass
Student341,ID1341,Female,6,6,7,7,0,8,6,9,Fail
Student342,ID1342,Male,7,8,6,6,8,8,9,9,Pass
Student343,ID1343,Male,7,6,6,9,9,6,6,7,Pass
Student344,ID1344,Male,6,8,7,6,6,8,7,6,Pass
Student345,ID1345,Male,8,9,7,6,8,9,0,7,Fail
Student346,ID1346,Male,6,6,8,7,7,7,8,9,Pass
Student347,ID1347,Male,7,8,9,6,7,9,6,6,Pass
Student348,ID1348,Male,6,6,7,9,8,6,8,7,Pass
Student349,ID1349,Male,8,6,7,7,6,6,7,8,Pass
Student350,ID1350,Male,6,9,9,6,0,9,7,9,Fail
Student351,ID1351,Female,8,7,9,6,8,6,8,7,Pass
Student352,ID1352,Male,7,9,6,9,7,8,7,6,Pass
Student353,ID1353,Female,7,7,7,8,6,9,6,8,Pass
Student354,ID1354,Female,6,8,7,6,9,8,7,7,Pass
Student355,ID1355,Female,6,0,0,6,6,8,6,6,Fail
Student356,ID1356,Male,8,6,7,9,6,6,6,7,Pass
Student357,ID1357,Female,7,9,0,9,8,7,9,9,Fail
Student358,ID1358,Female,9,9,7,0,7,7,7,9,Fail
Student359,ID1359,Male,6,8,6,9,8,7,7,7,Pass
Student360,ID1360,Female,9,8,9,6,6,0,7,0,Fail
Student361,ID1361,Male,7,6,7,6,6,8,9,7,Pass
Student362,ID1362,Male,6,9,6,7,6,8,6,7,Pass
Student363,ID1363,Female,9,8,8,8,8,6,8,9,Pass
Student364,ID1364,Female,9,8,8,7,6,7,9,9,Pass
Student365,ID1365,Male,7,8,9,9,9,6,6,7,Pass
Student366,ID1366,Male,9,8,8,6,6,9,7,6,Pass
Student367,ID1367,Female,7,9,8,9,6,8,8,6,Pass
Student368,ID1368,Female,9,9,6,7,8,8,9,7,Pass
Student369,ID1369,Male,9,8,9,0,7,7,6,9,Fail
Student370,ID1370,Female,8,8,7,8,7,0,8,7,Fail
Student371,ID1371,Female,8,6,8,0,7,7,8,8,Fail
Student372,ID1372,Female,9,8,9,7,9,9,7,7,Pass
Student373,ID1373,Female,9,9,6,7,6,8,0,6,Fail
Student374,ID1374,Female,7,8,7,6,9,9,8,6,Pass
Student375,ID1375,Male,9,7,6,7,9,6,6,9,Pass
Student376,ID1376,Female,8,7,7,8,9,8,9,7,Pass
Student377,ID1377,Male,8,7,9,6,7,9,0,8,Fail
Student378,ID1378,Female,9,8,0,6,9,7,8,9,Fail
Student379,ID1379,Male,9,9,9,9,6,0,0,9,Fail
Student380,ID1380,Male,6,9,0,6,9,6,7,8,Fail
Student381,ID1381,Female,8,8,6,9,8,6,7,7,Pass
Student382,ID1382,Female,7,9,7,9,8,9,8,7,Pass
Student383,ID1383,Female,9,8,6,8,9,0,7,6,Fail
Student384,ID1384,Female,8,8,6,8,7,6,8,0,Fail
Student385,ID1385,Female,7,6,6,7,6,9,9,6,Pass
Student386,ID1386,Female,6,9,8,6,8,6,7,9,Pass
Student387,ID1387,Male,9,6,7,8,9,8,8,8,Pass
Student388,ID1388,Male,7,8,6,8,7,8,6,7,Pass
Student389,ID1389,Female,7,8,0,8,7,7,0,8,Fail
Student390,ID1390,Male,7,9,8,7,6,8,6,0,Fail
Student391,ID1391,Male,9,8,6,9,7,8,0,6,Fail
Student392,ID1392,Male,6,6,8,7,8,6,6,9,Pass
Student393,ID1393,Female,6,8,8,8,6,8,9,8,Pass
Student394,ID1394,Male,8,9,7,6,9,9,0,8,Fail
Student395,ID1395,Male,6,9,6,7,8,6,8,8,Pass
Student396,ID1396,Female,9,9,8,9,8,6,9,9,Pass
Student397,ID1397,Female,7,8,9,7,7,6,9,7,Pass
Student398,ID1398,Female,7,0,6,8,8,9,9,6,Fail
Student399,ID1399,Male,6,7,8,6,7,6,8,6,Pass
Student400,ID1400,Female,7,7,9,7,0,6,6,7,Fail
Student401,ID1401,Female,6,0,8,6,8,9,0,8,Fail
Student402,ID1402,Male,8,7,7,9,9,8,9,7,Pass
Student403,ID1403,Male,7,9,9,8,6,7,7,8,Pass
Student404,ID1404,Female,7,6,8,8,6,7,6,9,Pass
Student405,ID1405,Female,7,7,7,8,7,9,8,8,Pass
Student406,ID1406,Female,7,8,9,7,6,9,7,8,Pass
Student407,ID1407,Female,7,7,7,0,9,9,8,9,Fail
Student408,ID1408,Female,0,6,9,7,8,7,6,6,Fail
Student409,ID1409,Male,8,8,7,6,7,7,7,6,Pass
Student410,ID1410,Male,7,0,9,7,6,9,7,7,Fail
Student411,ID1411,Male,6,9,6,8,0,9,8,7,Fail
Student412,ID1412,Male,9,0,9,8,7,7,7,7,Fail
Student413,ID1413,Male,9,9,9,7,9,7,8,7,Pass
Student414,ID1414,Male,6,8,8,6,0,6,6,6,Fail
Student415,ID1415,Female,6,6,7,6,8,9,9,6,Pass
Student416,ID1416,Male,6,9,6,0,9,0,8,9,Fail
Student417,ID1417,Male,8,6,6,7,7,7,6,6,Pass
Student418,ID1418,Male,9,6,9,6,8,7,8,7,Pass
Student419,ID1419,Female,7,9,6,9,6,0,0,6,Fail
Student420,ID1420,Female,6,0,6,6,7,8,9,0,Fail
Student421,ID1421,Female,9,9,7,8,8,8,7,7,Pass
Student422,ID1422,Male,8,9,7,7,6,6,9,8,Pass
Student423,ID1423,Male,0,9,8,7,8,7,7,8,Fail
Student424,ID1424,Male,9,8,6,7,9,9,9,9,Pass
Student425,ID1425,Male,8,9,7,6,9,6,9,8,Pass
Student426,ID1426,Male,9,6,0,6,7,8,9,8,Fail
Student427,ID1427,Male,7,7,8,6,7,9,7,8,Pass
Student428,ID1428,Male,6,8,6,8,6,9,8,7,Pass
Student429,ID1429,Male,6,7,9,7,7,6,7,7,Pass
Student430,ID1430,Female,6,9,7,7,6,7,9,6,Pass
Student431,ID1431,Male,6,6,8,7,7,6,7,9,Pass
Student432,ID1432,Female,9,7,9,7,9,0,0,8,Fail
Student433,ID1433,Male,8,0,7,7,8,6,9,8,Fail
Student434,ID1434,Female,6,8,6,9,9,9,6,6,Pass
Student435,ID1435,Male,8,9,7,9,0,9,6,7,Fail
Student436,ID1436,Female,9,7,8,8,6,6,7,7,Pass
Student437,ID1437,Male,6,6,9,8,8,8,9,7,Pass
Student438,ID1438,Female,7,9,7,9,6,0,7,0,Fail
Student439,ID1439,Male,7,7,6,7,6,9,8,8,Pass
Student440,ID1440,Female,9,7,9,7,7,6,9,7,Pass
Student441,ID1441,Female,9,9,9,8,9,8,7,6,Pass
Student442,ID1442,Female,6,6,7,7,8,8,9,8,Pass
Student443,ID1443,Female,6,8,0,9,9,8,6,6,Fail
Student444,ID1444,Male,6,8,6,9,8,8,8,7,Pass
Student445,ID1445,Female,9,8,6,6,6,0,7,6,Fail
Student446,ID1446,Female,9,8,7,7,6,9,6,9,Pass
Student447,ID1447,Female,9,8,9,6,6,7,6,9,Pass
Student448,ID1448,Male,7,7,7,6,8,7,9,6,Pass
Student449,ID1449,Female,8,6,8,7,8,8,6,6,Pass
Student450,ID1450,Female,7,9,8,7,7,9,8,6,Pass
Student451,ID1451,Female,7,9,6,6,9,7,8,6,Pass
Student452,ID1452,Male,9,8,9,6,8,6,8,6,Pass
Student453,ID1453,Male,8,9,9,7,8,6,9,6,Pass
Student454,ID1454,Male,9,9,7,7,9,9,9,8,Pass
Student455,ID1455,Male,6,7,7,9,7,8,8,6,Pass
Student456,ID1456,Male,6,6,6,6,6,9,8,9,Pass
Student457,ID1457,Female,9,6,9,6,7,9,7,9,Pass
Student458,ID1458,Female,9,9,7,6,7,9,9,6,Pass
Student459,ID1459,Male,8,7,8,6,8,9,7,7,Pass
Student460,ID1460,Female,8,9,7,8,7,6,6,9,Pass
Student461,ID1461,Female,6,0,6,9,6,9,6,8,Fail
Student462,ID1462,Male,9,6,7,6,6,6,8,6,Pass
Student463,ID1463,Female,0,7,7,8,9,9,9,8,Fail
Student464,ID1464,Female,9,7,8,9,8,8,8,8,Pass
Student465,ID1465,Female,8,6,9,7,6,8,7,9,Pass
Student466,ID1466,Male,6,6,9,6,7,7,7,0,Fail
Student467,ID1467,Male,9,0,8,6,9,8,8,8,Fail
Student468,ID1468,Male,7,0,6,6,7,7,9,9,Fail
Student469,ID1469,Male,8,8,7,7,9,9,8,9,Pass
Student470,ID1470,Male,6,9,8,8,8,6,6,9,Pass
Student471,ID1471,Male,6,8,7,7,7,8,0,7,Fail
Student472,ID1472,Female,6,8,9,8,6,0,0,7,Fail
Student473,ID1473,Male,7,8,9,6,9,9,8,8,Pass
Student474,ID1474,Male,7,6,6,8,6,6,9,6,Pass
Student475,ID1475,Female,6,9,9,8,6,7,9,8,Pass
Student476,ID1476,Male,9,6,6,8,6,0,6,7,Fail
Student477,ID1477,Male,6,0,8,9,6,7,8,8,Fail
Student478,ID1478,Female,9,8,8,8,9,9,6,8,Pass
Student479,ID1479,Male,8,7,6,6,6,9,8,0,Fail
Student480,ID1480,Female,7,6,9,7,7,8,7,9,Pass
Student481,ID1481,Male,6,7,7,8,9,7,9,7,Pass
Student482,ID1482,Male,0,8,8,6,9,6,8,6,Fail
Student483,ID1483,Female,6,8,6,8,6,9,6,6,Pass
Student484,ID1484,Male,8,6,0,9,7,9,0,6,Fail
Student485,ID1485,Male,7,7,8,7,7,0,8,7,Fail
Student486,ID1486,Female,7,9,7,6,9,7,6,7,Pass
Student487,ID1487,Male,9,6,9,9,6,7,8,9,Pass
Student488,ID1488,Female,9,8,8,7,9,7,6,8,Pass
Student489,ID1489,Male,6,6,6,7,9,7,7,9,Pass
Student490,ID1490,Female,9,9,0,8,7,8,7,7,Fail
Student491,ID1491,Male,7,9,6,8,8,8,8,7,Pass
Student492,ID1492,Female,6,9,7,7,6,0,6,9,Fail
Student493,ID1493,Female,7,7,8,7,8,7,9,9,Pass
Student494,ID1494,Male,7,7,6,9,0,9,8,6,Fail
Student495,ID1495,Male,8,7,8,7,8,0,6,7,Fail
Student496,ID1496,Male,7,6,7,8,6,9,8,9,Pass
Student497,ID1497,Female,8,6,7,0,6,6,6,6,Fail
Student498,ID1498,Female,7,8,0,9,6,8,9,7,Fail
Student499,ID1499,Male,8,9,8,8,9,7,9,6,Pass
Student500,ID1500,Female,9,0,0,9,0,8,6,6,Fail
Student501,ID1501,Male,6,7,8,6,7,6,7,9,Pass
Student502,ID1502,Male,7,7,8,8,8,8,8,7,Pass
Student503,ID1503,Female,8,9,6,0,8,9,9,6,Fail
Student504,ID1504,Male,9,9,8,8,0,9,8,8,Fail
Student505,ID1505,Male,7,8,9,6,6,8,9,0,Fail
Student506,ID1506,Female,9,7,9,7,8,6,7,8,Pass
Student507,ID1507,Female,7,8,7,8,7,7,7,9,Pass
Student508,ID1508,Male,8,0,7,8,0,9,6,7,Fail
Student509,ID1509,Female,9,0,6,8,7,9,6,7,Fail
Student510,ID1510,Male,9,9,8,6,9,7,6,9,Pass
Student511,ID1511,Male,8,0,9,6,6,8,8,9,Fail
Student512,ID1512,Male,7,8,9,7,9,8,9,9,Pass
Student513,ID1513,Female,9,8,6,0,8,8,9,8,Fail
Student514,ID1514,Male,8,6,7,8,0,8,8,6,Fail
Student515,ID1515,Male,8,6,6,8,6,7,7,8,Pass
Student516,ID1516,Male,6,8,9,6,9,9,9,7,Pass
Student517,ID1517,Male,9,0,6,9,8,8,8,6,Fail
Student518,ID1518,Female,8,7,8,6,7,8,8,7,Pass
Student519,ID1519,Female,8,7,6,7,7,9,9,6,Pass
Student520,ID1520,Female,8,7,7,8,8,6,6,9,Pass
Student521,ID1521,Female,6,9,7,0,0,7,9,8,Fail
Student522,ID1522,Male,7,9,7,9,9,6,8,8,Pass
Student523,ID1523,Male,8,9,0,9,8,8,8,7,Fail
Student524,ID1524,Female,7,8,8,6,8,7,0,9,Fail
Student525,ID1525,Male,8,7,8,9,9,8,7,9,Pass
Student526,ID1526,Male,6,9,0,7,6,9,0,6,Fail
Student527,ID1527,Male,6,9,9,6,7,8,8,7,Pass
Student528,ID1528,Female,7,7,6,6,7,8,6,8,Pass
Student529,ID1529,Male,9,9,6,6,8,9,6,7,Pass
Student530,ID1530,Female,6,9,7,9,6,7,9,9,Pass
Student531,ID1531,Female,7,6,8,8,9,9,8,8,Pass
Student532,ID1532,Male,7,6,7,9,0,6,9,6,Fail
Student533,ID1533,Female,7,8,7,9,6,8,6,9,Pass
Student534,ID1534,Female,6,6,7,6,8,7,6,9,Pass
Student535,ID1535,Female,7,7,8,9,8,8,8,9,Pass
Student536,ID1536,Male,9,8,9,8,9,9,6,8,Pass
Student537,ID1537,Female,6,7,6,9,7,6,7,9,Pass
Student538,ID1538,Male,7,6,6,9,8,6,8,6,Pass
Student539,ID1539,Male,8,7,9,8,6,6,8,7,Pass
Student540,ID1540,Male,8,9,7,9,8,6,0,0,Fail
Student541,ID1541,Female,8,8,9,8,9,7,8,7,Pass
Student542,ID1542,Female,9,7,0,8,9,7,8,6,Fail
Student543,ID1543,Female,8,7,6,6,0,8,9,6,Fail
Student544,ID1544,Male,6,8,9,9,9,6,7,8,Pass
Student545,ID1545,Female,6,6,9,8,9,6,6,7,Pass
Student546,ID1546,Male,7,6,9,9,7,9,7,9,Pass
Student547,ID1547,Male,8,6,7,7,6,8,7,7,Pass
Student548,ID1548,Male,8,6,6,0,6,6,6,6,Fail
Student549,ID1549,Male,8,8,9,8,6,9,8,6,Pass
Student550,ID1550,Female,8,9,8,8,7,9,8,6,Pass
Student551,ID1551,Male,8,8,6,9,9,6,7,6,Pass
Student552,ID1552,Male,0,6,8,7,8,7,9,0,Fail
Student553,ID1553,Male,8,6,6,8,6,7,9,9,Pass
Student554,ID1554,Male,7,8,0,7,6,8,7,9,Fail
Student555,ID1555,Male,6,6,8,8,9,6,7,8,Pass
Student556,ID1556,Female,6,8,9,7,9,0,0,6,Fail
Student557,ID1557,Female,8,0,9,7,6,6,8,8,Fail
Student558,ID1558,Female,7,9,9,7,9,8,8,8,Pass
Student559,ID1559,Male,8,6,9,7,6,7,6,8,Pass
Student560,ID1560,Male,7,9,8,6,8,8,6,9,Pass
Student561,ID1561,Female,8,6,8,9,9,7,8,6,Pass
Student562,ID1562,Male,7,7,6,7,6,6,0,8,Fail
Student563,ID1563,Female,6,8,8,8,0,8,8,0,Fail
Student564,ID1564,Male,8,0,6,9,0,9,6,7,Fail
Student565,ID1565,Female,6,7,8,9,7,7,9,9,Pass
Student566,ID1566,Female,0,9,6,9,6,6,9,6,Fail
Student567,ID1567,Male,8,7,7,6,7,9,9,9,Pass
Student568,ID1568,Female,9,7,8,8,0,8,7,9,Fail
Student569,ID1569,Male,7,9,6,6,6,8,7,8,Pass
Student570,ID1570,Male,9,8,9,8,7,8,9,6,Pass
Student571,ID1571,Female,9,0,7,8,7,9,7,6,Fail
Student572,ID1572,Female,8,6,6,9,8,8,7,8,Pass
Student573,ID1573,Female,7,7,9,8,7,0,7,7,Fail
Student574,ID1574,Female,8,8,7,6,7,7,7,9,Pass
Student575,ID1575,Male,6,8,7,8,9,7,9,7,Pass
Student576,ID1576,Male,7,6,0,7,9,8,6,9,Fail
Student577,ID1577,Female,6,8,7,6,6,6,8,8,Pass
Student578,ID1578,Female,8,9,6,9,8,9,0,8,Fail
Student579,ID1579,Female,6,9,9,0,6,8,0,8,Fail
Student580,ID1580,Male,9,6,9,0,8,7,7,7,Fail
Student581,ID1581,Female,9,6,7,9,7,0,8,8,Fail
Student582,ID1582,Female,0,7,7,7,8,9,8,6,Fail
Student583,ID1583,Female,7,7,0,0,6,7,8,8,Fail
Student584,ID1584,Male,6,6,6,6,9,8,6,7,Pass
Student585,ID1585,Female,7,6,8,8,6,6,8,7,Pass
Student586,ID1586,Male,6,9,7,6,0,8,6,6,Fail
Student587,ID1587,Male,0,0,7,6,0,9,9,8,Fail
Student588,ID1588,Male,8,9,0,7,9,6,9,6,Fail
Student589,ID1589,Female,9,9,0,9,9,6,6,8,Fail
Student590,ID1590,Female,9,9,0,8,9,7,0,8,Fail
Student591,ID1591,Female,7,9,7,9,9,8,9,7,Pass
Student592,ID1592,Male,6,8,9,7,6,7,9,7,Pass
Student593,ID1593,Male,6,8,8,6,8,6,7,8,Pass
Student594,ID1594,Male,7,7,9,9,6,7,9,6,Pass
Student595,ID1595,Female,9,7,9,7,6,8,6,8,Pass
Student596,ID1596,Male,7,6,7,8,9,0,6,8,Fail
Student597,ID1597,Male,9,9,7,8,6,8,9,7,Pass
Student598,ID1598,Female,0,6,6,7,7,9,9,8,Fail
Student599,ID1599,Male,8,8,7,7,8,7,8,9,Pass
Student600,ID1600,Male,9,9,8,8,9,9,8,6,Pass
Student601,ID1601,Female,0,6,7,9,6,9,0,6,Fail
Student602,ID1602,Male,6,9,8,9,7,9,9,8,Pass
Student603,ID1603,Female,7,9,8,9,8,9,0,8,Fail
Student604,ID1604,Female,9,7,9,8,9,8,9,7,Pass
Student605,ID1605,Female,9,6,9,0,6,8,8,8,Fail
Student606,ID1606,Female,7,9,9,7,9,6,9,7,Pass
Student607,ID1607,Male,8,9,8,9,7,6,8,8,Pass
Student608,ID1608,Male,9,6,6,7,0,9,7,8,Fail
Student609,ID1609,Female,6,9,9,8,8,8,6,9,Pass
Student610,ID1610,Female,6,9,9,8,9,7,6,8,Pass
Student611,ID1611,Female,9,8,7,7,8,9,7,9,Pass
Student612,ID1612,Male,6,6,7,6,8,9,6,8,Pass
Student613,ID1613,Male,9,8,8,9,8,7,8,8,Pass
Student614,ID1614,Male,9,7,6,6,8,6,7,8,Pass
Student615,ID1615,Male,6,6,9,7,9,8,7,7,Pass
Student616,ID1616,Female,7,8,8,8,7,7,7,6,Pass
Student617,ID1617,Male,6,8,0,9,0,9,9,8,Fail
Student618,ID1618,Female,0,7,8,7,9,8,7,9,Fail
Student619,ID1619,Female,6,8,7,7,9,7,6,7,Pass
Student620,ID1620,Male,6,9,7,9,6,8,8,0,Fail
Student621,ID1621,Female,8,0,8,0,7,6,8,9,Fail
Student622,ID1622,Female,9,9,8,8,9,6,7,9,Pass
Student623,ID1623,Male,8,9,6,9,0,7,7,7,Fail
Student624,ID1624,Male,0,6,9,7,6,7,8,9,Fail
Student625,ID1625,Male,8,8,8,6,8,6,6,9,Pass
Student626,ID1626,Female,6,7,7,8,9,7,7,6,Pass
Student627,ID1627,Male,9,8,6,0,6,7,7,7,Fail
Student628,ID1628,Female,6,8,7,9,7,9,0,9,Fail
Student629,ID1629,Female,8,8,0,9,6,8,8,9,Fail
Student630,ID1630,Male,8,6,7,6,8,9,8,9,Pass
Student631,ID1631,Male,8,7,9,0,9,9,9,0,Fail
Student632,ID1632,Female,9,9,9,8,7,6,7,7,Pass
Student633,ID1633,Female,6,7,8,7,7,8,7,6,Pass
Student634,ID1634,Male,7,7,6,8,7,6,7,8,Pass
Student635,ID1635,Male,6,7,8,9,9,6,6,9,Pass
Student636,ID1636,Male,0,8,9,7,9,8,7,9,Fail
Student637,ID1637,Female,9,0,9,0,7,8,9,8,Fail
Student638,ID1638,Male,9,9,6,7,6,8,6,8,Pass
Student639,ID1639,Female,6,8,7,7,7,9,7,9,Pass
Student640,ID1640,Male,7,8,6,7,7,9,9,6,Pass
Student641,ID1641,Female,7,7,9,7,7,6,8,6,Pass
Student642,ID1642,Female,7,8,7,6,6,8,9,9,Pass
Student643,ID1643,Male,8,0,9,6,9,8,9,6,Fail
Student644,ID1644,Female,6,7,8,6,9,8,7,7,Pass
Student645,ID1645,Male,8,7,9,9,6,7,0,8,Fail
Student646,ID1646,Male,8,9,9,6,8,9,8,7,Pass
Student647,ID1647,Female,9,9,7,7,8,7,7,8,Pass
Student648,ID1648,Male,8,9,8,7,8,7,9,7,Pass
Student649,ID1649,Male,0,9,7,7,9,7,9,9,Fail
Student650,ID1650,Female,8,8,8,0,7,8,8,8,Fail
Student651,ID1651,Male,7,7,8,9,6,6,9,9,Pass
Student652,ID1652,Male,0,7,6,7,8,7,8,6,Fail
Student653,ID1653,Female,9,8,6,6,9,6,9,7,Pass
Student654,ID1654,Female,6,6,7,7,6,7,8,9,Pass
Student655,ID1655,Male,0,8,7,6,7,7,8,0,Fail
Student656,ID1656,Male,8,6,8,7,9,6,9,7,Pass
Student657,ID1657,Female,8,6,6,7,0,9,8,6,Fail
Student658,ID1658,Female,7,8,8,8,7,7,9,8,Pass
Student659,ID1659,Female,9,6,6,9,9,6,9,6,Pass
Student660,ID1660,Female,9,7,0,7,9,6,0,0,Fail
Student661,ID1661,Male,8,7,0,7,6,9,8,7,Fail
Student662,ID1662,Male,9,7,6,6,8,8,7,8,Pass
Student663,ID1663,Female,8,8,8,9,6,9,9,0,Fail
Student664,ID1664,Female,0,0,7,9,6,0,7,8,Fail
Student665,ID1665,Female,8,8,8,6,7,7,9,8,Pass
Student666,ID1666,Female,6,7,6,6,8,8,9,7,Pass
Student667,ID1667,Male,8,7,9,6,8,8,9,8,Pass
Student668,ID1668,Female,9,9,6,9,8,8,7,9,Pass
Student669,ID1669,Female,7,6,7,8,6,6,7,8,Pass
Student670,ID1670,Female,8,9,9,7,6,9,6,7,Pass
Student671,ID1671,Female,6,7,9,6,6,7,6,0,Fail
Student672,ID1672,Female,7,9,8,8,6,6,9,7,Pass
Student673,ID1673,Female,0,6,6,8,8,6,6,9,Fail
Student674,ID1674,Female,7,6,9,7,6,6,8,7,Pass
Student675,ID1675,Female,7,9,7,7,8,8,8,7,Pass
Student676,ID1676,Female,8,6,7,6,8,7,0,9,Fail
Student677,ID1677,Female,9,8,9,7,6,9,7,0,Fail
Student678,ID1678,Female,6,8,6,7,7,7,6,6,Pass
Student679,ID1679,Male,9,9,9,8,9,8,8,0,Fail
Student680,ID1680,Female,8,8,6,7,7,6,9,7,Pass
Student681,ID1681,Female,9,6,0,6,7,6,8,9,Fail
Student682,ID1682,Male,6,8,8,6,7,7,6,7,Pass
Student683,ID1683,Male,6,8,7,8,7,6,7,8,Pass
Student684,ID1684,Male,9,6,7,0,9,7,6,0,Fail
Student685,ID1685,Male,9,8,6,7,9,7,8,8,Pass
Student686,ID1686,Female,9,8,9,6,7,0,8,6,Fail
Student687,ID1687,Male,7,9,6,9,6,7,6,6,Pass
Student688,ID1688,Male,0,8,7,7,6,8,7,9,Fail
Student689,ID1689,Male,8,8,7,8,9,0,6,8,Fail
Student690,ID1690,Male,8,0,0,8,7,9,8,9,Fail
Student691,ID1691,Female,7,6,9,9,9,9,6,8,Pass
Student692,ID1692,Male,0,9,8,8,6,9,9,6,Fail
Student693,ID1693,Male,7,8,6,9,7,8,9,9,Pass
Student694,ID1694,Female,7,8,8,7,9,9,8,8,Pass
Student695,ID1695,Female,7,8,6,7,8,6,8,0,Fail
Student696,ID1696,Female,8,7,6,6,7,9,6,8,Pass
Student697,ID1697,Female,8,6,8,0,8,9,0,9,Fail
Student698,ID1698,Female,7,8,9,9,9,7,7,6,Pass
Student699,ID1699,Female,7,7,6,8,6,7,9,8,Pass
Student700,ID1700,Female,8,6,6,8,9,6,8,6,Pass
Student701,ID1701,Female,9,0,8,6,8,7,6,9,Fail
Student702,ID1702,Female,6,8,0,9,8,6,6,7,Fail
Student703,ID1703,Female,7,8,6,7,9,8,6,7,Pass
Student704,ID1704,Male,6,7,9,6,0,7,8,7,Fail
Student705,ID1705,Male,9,6,8,9,6,9,6,6,Pass
Student706,ID1706,Male,6,8,9,7,7,6,9,9,Pass
Student707,ID1707,Female,7,6,0,8,8,7,9,6,Fail
Student708,ID1708,Female,0,8,7,6,8,9,7,9,Fail
Student709,ID1709,Male,8,8,7,0,9,0,0,8,Fail
Student710,ID1710,Female,7,6,9,7,9,6,8,0,Fail
Student711,ID1711,Male,6,8,0,9,6,9,8,6,Fail
Student712,ID1712,Female,9,9,0,9,6,6,6,8,Fail
Student713,ID1713,Male,9,6,8,7,6,7,7,6,Pass
Student714,ID1714,Female,6,9,0,9,6,6,7,7,Fail
Student715,ID1715,Male,9,6,6,9,9,7,9,9,Pass
Student716,ID1716,Female,9,6,7,8,6,7,6,8,Pass
Student717,ID1717,Female,8,9,6,6,6,9,7,8,Pass
Student718,ID1718,Female,8,7,7,9,7,6,6,0,Fail
Student719,ID1719,Male,6,7,9,6,9,7,8,8,Pass
Student720,ID1720,Female,7,6,8,8,9,7,8,8,Pass
Student721,ID1721,Female,0,7,9,8,6,7,9,6,Fail
Student722,ID1722,Female,8,6,7,8,6,9,7,9,Pass
Student723,ID1723,Female,8,7,8,8,6,9,0,8,Fail
Student724,ID1724,Female,8,6,9,0,6,9,6,8,Fail
Student725,ID1725,Female,9,8,9,7,9,9,7,7,Pass
Student726,ID1726,Female,6,6,7,9,7,7,7,8,Pass
Student727,ID1727,Male,6,8,7,7,6,6,0,9,Fail
Student728,ID1728,Female,6,7,7,8,0,7,8,6,Fail
Student729,ID1729,Male,9,9,6,9,8,6,7,6,Pass
Student730,ID1730,Male,8,0,7,9,6,9,8,6,Fail
Student731,ID1731,Female,8,8,0,6,8,7,9,6,Fail
Student732,ID1732,Female,7,9,7,8,6,6,7,0,Fail
Student733,ID1733,Female,0,6,7,6,6,7,9,7,Fail
Student734,ID1734,Male,9,9,6,7,9,8,7,8,Pass
Student735,ID1735,Female,7,7,6,8,8,8,7,0,Fail
Student736,ID1736,Male,7,8,6,7,7,9,0,6,Fail
Student737,ID1737,Female,7,8,8,8,7,9,9,8,Pass
Student738,ID1738,Male,9,8,9,9,7,7,8,9,Pass
Student739,ID1739,Female,0,9,6,8,6,8,8,8,Fail
Student740,ID1740,Male,9,9,9,0,6,6,9,6,Fail
Student741,ID1741,Male,0,0,7,0,9,9,7,8,Fail
Student742,ID1742,Female,7,9,7,8,7,6,9,6,Pass
Student743,ID1743,Male,8,7,7,7,7,7,7,0,Fail
Student744,ID1744,Female,8,8,7,9,6,7,9,8,Pass
Student745,ID1745,Male,8,6,8,8,6,7,7,7,Pass
Student746,ID1746,Male,9,9,6,7,6,6,6,7,Pass
Student747,ID1747,Male,8,0,6,8,8,8,7,6,Fail
Student748,ID1748,Female,9,6,7,8,8,8,8,7,Pass
Student749,ID1749,Male,8,8,9,6,0,7,7,0,Fail
Student750,ID1750,Female,7,8,6,6,9,8,0,9,Fail
Student751,ID1751,Male,9,7,9,6,9,9,9,8,Pass
Student752,ID1752,Male,7,6,6,6,6,6,0,8,Fail
Student753,ID1753,Female,0,6,7,9,6,8,8,7,Fail
Student754,ID1754,Female,6,6,8,7,8,7,8,6,Pass
Student755,ID1755,Male,9,8,7,6,7,9,7,7,Pass
Student756,ID1756,Male,0,6,9,9,9,8,9,8,Fail
Student757,ID1757,Female,7,6,6,9,9,6,7,6,Pass
Student758,ID1758,Female,9,6,8,8,8,7,6,7,Pass
Student759,ID1759,Female,6,6,9,7,7,7,7,8,Pass
Student760,ID1760,Male,6,9,7,9,9,8,6,6,Pass
Student761,ID1761,Male,6,6,9,9,6,8,9,9,Pass
Student762,ID1762,Male,8,9,8,7,8,6,6,6,Pass
Student763,ID1763,Female,7,0,9,9,7,8,0,0,Fail
Student764,ID1764,Female,0,7,9,0,7,6,8,7,Fail
Student765,ID1765,Female,6,8,6,9,8,8,6,7,Pass
Student766,ID1766,Male,6,8,8,9,9,9,9,9,Pass
Student767,ID1767,Female,7,6,0,6,7,9,9,7,Fail
Student768,ID1768,Female,9,0,7,8,6,7,0,7,Fail
Student769,ID1769,Male,7,6,7,7,7,9,7,8,Pass
Student770,ID1770,Female,0,9,9,9,8,7,9,6,Fail
Student771,ID1771,Male,9,7,8,6,6,9,9,7,Pass
Student772,ID1772,Female,7,7,8,7,8,6,0,8,Fail
Student773,ID1773,Female,7,6,8,8,7,6,6,7,Pass
Student774,ID1774,Female,8,9,6,9,6,0,6,9,Fail
Student775,ID1775,Female,0,9,7,6,7,6,8,7,Fail
Student776,ID1776,Female,7,6,7,9,9,7,7,9,Pass
Student777,ID1777,Male,9,8,8,9,6,9,9,0,Fail
Student778,ID1778,Male,8,8,9,9,6,6,8,9,Pass
Student779,ID1779,Male,7,0,7,6,8,6,7,7,Fail
Student780,ID1780,Male,7,9,6,6,6,7,8,8,Pass
Student781,ID1781,Female,6,6,8,6,6,8,8,9,Pass
Student782,ID1782,Female,6,6,9,8,7,7,8,6,Pass
Student783,ID1783,Male,8,7,8,6,6,9,7,8,Pass
Student784,ID1784,Male,7,9,8,6,9,8,8,7,Pass
Student785,ID1785,Male,9,0,7,6,9,9,7,8,Fail
Student786,ID1786,Female,6,6,6,9,8,7,6,9,Pass
Student787,ID1787,Male,8,8,7,6,6,7,8,8,Pass
Student788,ID1788,Female,0,8,8,8,9,8,6,9,Fail
Student789,ID1789,Female,8,6,9,6,6,6,7,6,Pass
Student790,ID1790,Male,7,0,7,8,7,8,7,9,Fail
Student791,ID1791,Female,8,8,9,8,6,8,6,6,Pass
Student792,ID1792,Female,9,6,7,9,9,0,8,6,Fail
Student793,ID1793,Male,0,0,6,7,6,9,9,6,Fail
Student794,ID1794,Female,9,6,9,8,9,8,6,8,Pass
Student795,ID1795,Female,8,6,8,7,7,7,8,9,Pass
Student796,ID1796,Female,7,7,8,9,7,6,8,6,Pass
Student797,ID1797,Male,9,7,7,9,6,7,7,9,Pass
Student798,ID1798,Female,6,7,9,8,9,7,7,9,Pass
Student799,ID1799,Female,0,7,8,7,7,7,7,7,Fail
Student800,ID1800,Female,7,8,7,8,8,6,7,9,Pass
Student801,ID1801,Female,0,9,8,9,7,7,7,6,Fail
Student802,ID1802,Female,7,9,8,8,8,8,6,9,Pass
Student803,ID1803,Male,7,6,7,8,9,0,7,9,Fail
Student804,ID1804,Male,9,7,6,6,7,6,7,8,Pass
Student805,ID1805,Male,6,7,7,8,6,7,8,6,Pass
Student806,ID1806,Male,9,6,6,7,6,8,8,8,Pass
Student807,ID1807,Female,7,7,8,6,9,8,8,6,Pass
Student808,ID1808,Male,8,6,7,9,7,6,7,7,Pass
Student809,ID1809,Male,7,9,6,8,6,9,6,8,Pass
Student810,ID1810,Male,9,9,6,8,8,6,6,7,Pass
Student811,ID1811,Female,9,8,7,9,6,6,9,9,Pass
Student812,ID1812,Male,9,8,7,8,8,9,9,8,Pass
Student813,ID1813,Male,6,8,7,6,7,7,7,9,Pass
Student814,ID1814,Female,9,9,8,7,6,9,8,6,Pass
Student815,ID1815,Male,6,7,9,8,7,9,9,6,Pass
Student816,ID1816,Female,7,6,6,8,0,7,7,9,Fail
Student817,ID1817,Female,6,6,9,6,0,6,7,0,Fail
Student818,ID1818,Female,7,6,9,9,9,9,6,7,Pass
Student819,ID1819,Male,7,9,9,6,7,9,7,6,Pass
Student820,ID1820,Male,0,8,7,7,7,7,9,7,Fail
Student821,ID1821,Female,8,6,6,6,9,6,8,6,Pass
Student822,ID1822,Female,6,6,6,7,6,6,0,8,Fail
Student823,ID1823,Female,8,6,6,6,9,8,9,7,Pass
Student824,ID1824,Female,7,6,7,8,0,9,8,9,Fail
Student825,ID1825,Male,6,6,7,8,8,6,7,9,Pass
Student826,ID1826,Female,9,8,0,9,9,9,7,9,Fail
Student827,ID1827,Male,9,8,6,9,7,9,8,7,Pass
Student828,ID1828,Male,8,7,8,8,8,6,6,7,Pass
Student829,ID1829,Female,8,0,9,0,8,0,7,7,Fail
Student830,ID1830,Female,6,6,8,8,8,6,7,8,Pass
Student831,ID1831,Male,9,6,9,9,6,8,8,6,Pass
Student832,ID1832,Female,7,6,7,6,9,8,6,9,Pass
Student833,ID1833,Female,8,0,9,7,8,7,6,9,Fail
Student834,ID1834,Male,9,6,7,9,7,7,8,7,Pass
Student835,ID1835,Male,8,8,9,0,0,9,7,7,Fail
Student836,ID1836,Male,9,6,9,8,7,6,6,6,Pass
Student837,ID1837,Female,0,7,8,9,7,6,8,6,Fail
Student838,ID1838,Male,7,6,9,9,8,7,8,9,Pass
Student839,ID1839,Female,6,7,7,6,9,6,6,6,Pass
Student840,ID1840,Female,0,7,9,9,9,6,7,7,Fail
Student841,ID1841,Male,8,7,9,9,9,9,6,9,Pass
Student842,ID1842,Male,9,9,8,8,6,9,8,8,Pass
Student843,ID1843,Male,9,8,6,6,8,8,9,9,Pass
Student844,ID1844,Female,6,7,6,8,8,7,9,9,Pass
Student845,ID1845,Male,9,6,8,6,0,9,9,8,Fail
Student846,ID1846,Female,8,6,9,9,6,8,6,7,Pass
Student847,ID1847,Male,7,9,7,6,6,9,9,6,Pass
Student848,ID1848,Female,7,7,8,6,9,8,8,9,Pass
Student849,ID1849,Female,0,6,7,8,8,7,7,6,Fail
Student850,ID1850,Female,6,6,9,9,8,7,6,6,Pass
Student851,ID1851,Female,9,9,0,7,7,8,8,8,Fail
Student852,ID1852,Male,9,6,6,8,9,6,6,8,Pass
Student853,ID1853,Female,9,8,7,6,6,6,6,9,Pass
Student854,ID1854,Female,6,6,6,9,8,8,8,7,Pass
Student855,ID1855,Male,8,7,6,9,6,6,7,8,Pass
Student856,ID1856,Male,6,7,9,8,7,9,8,6,Pass
Student857,ID1857,Female,9,6,8,7,6,7,9,6,Pass
Student858,ID1858,Female,8,9,6,9,7,6,9,6,Pass
Student859,ID1859,Female,9,6,0,9,6,8,8,9,Fail
Student860,ID1860,Male,7,6,8,7,9,9,9,9,Pass
Student861,ID1861,Female,7,9,9,7,9,6,8,6,Pass
Student862,ID1862,Male,7,6,9,7,6,7,8,7,Pass
Student863,ID1863,Male,6,9,8,8,7,9,7,8,Pass
Student864,ID1864,Male,7,8,7,7,8,8,8,7,Pass
Student865,ID1865,Male,8,7,7,7,7,8,6,8,Pass
Student866,ID1866,Female,9,9,6,8,9,9,8,7,Pass
Student867,ID1867,Female,7,6,7,8,7,8,6,9,Pass
Student868,ID1868,Female,6,9,9,6,9,6,6,8,Pass
Student869,ID1869,Male,8,7,6,7,9,9,7,7,Pass
Student870,ID1870,Female,9,9,9,0,9,7,6,9,Fail
Student871,ID1871,Female,8,6,0,7,9,6,7,9,Fail
Student872,ID1872,Female,6,0,7,9,8,9,6,8,Fail
Student873,ID1873,Female,7,7,9,7,7,7,9,7,Pass
Student874,ID1874,Female,7,7,8,9,9,7,6,9,Pass
Student875,ID1875,Female,9,6,8,8,7,9,7,6,Pass
Student876,ID1876,Female,8,7,7,7,7,9,6,9,Pass
Student877,ID1877,Female,9,7,9,8,7,6,7,7,Pass
Student878,ID1878,Male,6,8,6,7,8,9,9,7,Pass
Student879,ID1879,Female,9,0,7,9,8,7,6,7,Fail
Student880,ID1880,Female,7,8,7,7,8,6,7,0,Fail
Student881,ID1881,Female,8,6,6,7,6,8,9,9,Pass
Student882,ID1882,Female,9,7,0,9,8,8,7,8,Fail
Student883,ID1883,Male,6,9,8,8,7,9,8,9,Pass
Student884,ID1884,Male,6,9,7,9,8,6,0,7,Fail
Student885,ID1885,Male,9,6,9,0,7,9,9,7,Fail
Student886,ID1886,Male,9,6,7,7,9,9,8,7,Pass
Student887,ID1887,Female,9,9,8,9,9,6,8,6,Pass
Student888,ID1888,Female,6,0,6,8,6,7,6,8,Fail
Student889,ID1889,Male,8,6,7,6,9,7,8,9,Pass
Student890,ID1890,Female,7,6,9,6,9,8,6,9,Pass
Student891,ID1891,Male,6,6,9,7,7,7,7,7,Pass
Student892,ID1892,Female,9,8,6,6,6,6,7,7,Pass
Student893,ID1893,Female,9,8,9,8,9,7,7,8,Pass
Student894,ID1894,Male,9,9,8,9,8,7,9,8,Pass
Student895,ID1895,Male,9,9,9,9,9,7,9,7,Pass
Student896,ID1896,Male,7,7,7,6,9,6,8,7,Pass
Student897,ID1897,Male,7,7,6,7,9,8,0,7,Fail
Student898,ID1898,Female,6,7,9,7,7,6,8,7,Pass
Student899,ID1899,Female,8,0,6,7,6,6,8,7,Fail
Student900,ID1900,Female,9,7,7,8,8,9,8,7,Pass
Student901,ID1901,Male,7,6,6,7,9,6,9,6,Pass
Student902,ID1902,Female,7,6,9,7,9,7,9,8,Pass
Student903,ID1903,Female,7,8,0,6,6,7,8,7,Fail
Student904,ID1904,Male,6,7,7,8,8,9,6,8,Pass
Student905,ID1905,Male,6,8,7,9,9,7,0,7,Fail
Student906,ID1906,Female,6,7,7,7,6,9,9,9,Pass
Student907,ID1907,Male,9,6,8,9,9,6,8,7,Pass
Student908,ID1908,Male,7,9,7,6,6,7,7,8,Pass
Student909,ID1909,Female,9,9,8,7,9,7,8,6,Pass
Student910,ID1910,Female,9,8,7,9,6,7,7,6,Pass
Student911,ID1911,Male,6,8,9,6,9,6,9,9,Pass
Student912,ID1912,Male,9,7,8,9,8,6,7,7,Pass
Student913,ID1913,Male,6,7,7,8,6,7,0,6,Fail
Student914,ID1914,Male,6,7,7,9,6,8,6,6,Pass
Student915,ID1915,Female,8,9,8,6,9,6,6,8,Pass
Student916,ID1916,Male,9,6,8,0,8,6,9,0,Fail
Student917,ID1917,Male,7,7,8,8,6,6,6,9,Pass
Student918,ID1918,Female,7,9,8,7,8,8,7,7,Pass
Student919,ID1919,Male,0,8,7,9,7,0,9,8,Fail
Student920,ID1920,Female,7,6,6,8,9,7,0,7,Fail
Student921,ID1921,Male,8,6,6,7,6,9,8,8,Pass
Student922,ID1922,Female,9,7,8,0,8,7,0,9,Fail
Student923,ID1923,Female,7,7,9,7,7,6,9,6,Pass
Student924,ID1924,Female,6,6,0,7,9,8,7,6,Fail
Student925,ID1925,Female,7,8,8,8,8,8,7,7,Pass
Student926,ID1926,Female,7,8,0,7,6,8,6,7,Fail
Student927,ID1927,Female,6,7,7,8,8,8,7,9,Pass
Student928,ID1928,Female,7,7,8,0,9,9,9,7,Fail
Student929,ID1929,Male,8,8,6,7,7,8,8,6,Pass
Student930,ID1930,Male,8,7,6,7,9,6,6,8,Pass
Student931,ID1931,Female,7,7,9,8,6,6,9,8,Pass
Student932,ID1932,Female,6,8,0,8,9,7,8,8,Fail
Student933,ID1933,Male,6,6,6,6,8,9,9,6,Pass
Student934,ID1934,Male,9,7,7,6,7,6,9,6,Pass
Student935,ID1935,Male,7,7,9,6,7,9,8,7,Pass
Student936,ID1936,Female,8,7,9,0,8,0,0,9,Fail
Student937,ID1937,Female,6,6,9,8,6,6,6,7,Pass
Student938,ID1938,Female,7,9,6,7,8,6,9,0,Fail
Student939,ID1939,Male,9,8,9,6,0,9,8,8,Fail
Student940,ID1940,Male,9,6,8,8,7,7,7,7,Pass
Student941,ID1941,Female,7,8,0,7,8,9,7,7,Fail
Student942,ID1942,Male,9,8,6,8,8,7,9,0,Fail
Student943,ID1943,Female,9,7,7,6,7,9,9,9,Pass
Student944,ID1944,Male,7,7,6,9,7,9,7,9,Pass
Student945,ID1945,Male,9,0,8,6,8,7,6,6,Fail
Student946,ID1946,Male,7,8,6,7,6,8,7,6,Pass
Student947,ID1947,Male,8,9,6,7,7,8,9,7,Pass
Student948,ID1948,Male,6,9,9,9,6,9,8,9,Pass
Student949,ID1949,Male,7,7,7,9,6,8,0,7,Fail
Student950,ID1950,Male,8,0,9,7,7,6,6,0,Fail
Student951,ID1951,Female,7,9,6,8,7,6,8,0,Fail
Student952,ID1952,Male,6,7,9,6,6,8,9,6,Pass
Student953,ID1953,Male,6,6,9,8,8,0,6,6,Fail
Student954,ID1954,Male,8,9,6,7,0,7,7,6,Fail
Student955,ID1955,Male,6,7,7,9,7,9,8,9,Pass
Student956,ID1956,Female,9,0,7,9,9,9,9,8,Fail
Student957,ID1957,Male,0,9,8,6,8,0,7,6,Fail
Student958,ID1958,Female,0,7,8,6,6,6,6,8,Fail
Student959,ID1959,Male,9,7,9,9,6,6,6,0,Fail
Student960,ID1960,Female,7,7,6,8,8,7,7,7,Pass
Student961,ID1961,Male,8,6,9,9,7,0,9,6,Fail
Student962,ID1962,Female,7,6,8,6,6,9,6,8,Pass
Student963,ID1963,Female,9,7,9,0,7,0,8,0,Fail
Student964,ID1964,Male,8,6,6,0,8,6,6,6,Fail
Student965,ID1965,Male,7,6,8,6,7,6,8,6,Pass
Student966,ID1966,Male,9,9,9,9,6,6,7,9,Pass
Student967,ID1967,Male,6,9,7,9,6,8,7,9,Pass
Student968,ID1968,Female,9,9,9,6,9,8,8,7,Pass
Student969,ID1969,Male,7,0,6,0,7,6,7,7,Fail
Student970,ID1970,Male,8,7,7,8,7,7,8,6,Pass
Student971,ID1971,Male,8,8,0,7,0,8,6,7,Fail
Student972,ID1972,Female,7,6,7,9,6,9,6,7,Pass
Student973,ID1973,Female,7,9,9,9,6,8,7,0,Fail
Student974,ID1974,Male,7,7,6,6,9,0,8,6,Fail
Student975,ID1975,Male,7,6,6,7,8,7,6,7,Pass
Student976,ID1976,Male,8,6,0,9,9,8,9,6,Fail
Student977,ID1977,Female,9,7,9,9,6,8,9,9,Pass
Student978,ID1978,Male,7,9,8,6,6,9,9,6,Pass
Student979,ID1979,Male,9,8,8,8,9,8,7,7,Pass
Student980,ID1980,Female,7,6,8,8,9,6,0,6,Fail
Student981,ID1981,Male,7,6,7,8,7,9,6,7,Pass
Student982,ID1982,Female,6,7,7,9,8,7,8,8,Pass
Student983,ID1983,Female,6,6,9,6,9,8,9,8,Pass
Student984,ID1984,Male,8,9,8,8,6,7,8,6,Pass
Student985,ID1985,Female,0,6,6,6,8,8,6,6,Fail
Student986,ID1986,Male,0,7,6,0,6,9,6,7,Fail
Student987,ID1987,Male,6,6,6,9,7,7,6,8,Pass
Student988,ID1988,Female,7,9,9,8,6,8,7,8,Pass
Student989,ID1989,Female,7,9,6,6,7,9,6,7,Pass
Student990,ID1990,Male,9,9,8,7,8,8,6,8,Pass
Student991,ID1991,Male,8,9,6,6,9,8,6,8,Pass
Student992,ID1992,Male,9,8,7,6,8,7,9,6,Pass
Student993,ID1993,Female,9,7,6,8,7,6,9,8,Pass
Student994,ID1994,Female,8,7,7,6,9,7,7,6,Pass
Student995,ID1995,Male,7,8,6,6,6,7,9,6,Pass
Student996,ID1996,Male,8,7,6,8,9,8,9,8,Pass
Student997,ID1997,Female,7,0,9,8,7,8,7,7,Fail
Student998,ID1998,Male,8,7,9,7,8,7,0,8,Fail
Student999,ID1999,Male,8,6,6,6,8,8,8,6,Pass
Student1000,ID01000,Male,7,6,8,6,8,7,8,7,Pass
Student1001,ID01001,Male,8,6,9,7,6,9,8,9,Pass
Student1002,ID01002,Male,9,0,9,9,8,7,7,9,Fail
Student1003,ID01003,Female,9,7,9,9,6,9,7,6,Pass
Student1004,ID01004,Male,9,7,7,9,7,9,9,7,Pass
Student1005,ID01005,Female,7,9,7,9,7,6,8,7,Pass
Student1006,ID01006,Female,7,7,7,7,8,9,8,7,Pass
Student1007,ID01007,Female,6,7,8,7,6,9,6,9,Pass
Student1008,ID01008,Male,9,9,7,6,6,7,7,9,Pass
Student1009,ID01009,Male,7,9,8,8,8,9,9,9,Pass
Student1010,ID01010,Male,7,8,7,6,9,8,9,8,Pass
Student1011,ID01011,Female,7,0,0,8,0,9,7,8,Fail
Student1012,ID01012,Male,6,6,7,6,6,6,8,8,Pass
Student1013,ID01013,Male,9,8,7,6,8,6,6,6,Pass
Student1014,ID01014,Female,9,6,9,7,9,8,9,9,Pass
Student1015,ID01015,Male,9,6,9,8,9,7,7,9,Pass
Student1016,ID01016,Female,8,7,6,6,6,6,7,6,Pass
Student1017,ID01017,Female,9,8,8,7,7,8,6,7,Pass
Student1018,ID01018,Male,9,6,7,9,9,6,8,9,Pass
Student1019,ID01019,Female,6,7,6,6,9,9,9,7,Pass
Student1020,ID01020,Female,9,9,7,8,0,7,7,9,Fail
Student1021,ID01021,Male,9,9,8,8,6,7,0,8,Fail
Student1022,ID01022,Female,6,8,8,7,0,9,9,6,Fail
Student1023,ID01023,Female,8,7,8,8,8,9,6,6,Pass
Student1024,ID01024,Female,0,7,9,7,9,6,8,9,Fail
Student1025,ID01025,Female,6,7,9,9,9,6,9,7,Pass
Student1026,ID01026,Female,6,6,8,9,9,8,8,7,Pass
Student1027,ID01027,Female,8,6,9,9,7,8,6,6,Pass
Student1028,ID01028,Male,9,6,8,8,6,6,0,9,Fail
Student1029,ID01029,Female,9,7,8,9,7,9,7,9,Pass
Student1030,ID01030,Female,6,7,7,0,0,6,8,8,Fail
Student1031,ID01031,Male,6,7,7,8,6,9,6,9,Pass
Student1032,ID01032,Female,7,8,8,7,8,9,9,9,Pass
Student1033,ID01033,Female,7,8,6,9,8,8,8,0,Fail
Student1034,ID01034,Male,8,6,6,7,7,8,6,8,Pass
Student1035,ID01035,Female,8,8,8,8,6,8,9,9,Pass
Student1036,ID01036,Female,9,6,9,7,6,8,8,8,Pass
Student1037,ID01037,Male,8,8,6,7,6,8,9,6,Pass
Student1038,ID01038,Male,6,8,6,6,7,9,7,6,Pass
Student1039,ID01039,Female,6,7,8,9,9,7,9,8,Pass
Student1040,ID01040,Female,9,6,6,7,9,6,6,0,Fail
Student1041,ID01041,Female,8,6,7,0,6,8,7,8,Fail
Student1042,ID01042,Male,8,7,6,9,8,7,8,8,Pass
Student1043,ID01043,Female,8,6,6,9,7,6,7,7,Pass
Student1044,ID01044,Female,9,7,8,8,8,0,8,8,Fail
Student1045,ID01045,Female,9,8,8,8,6,7,9,9,Pass
Student1046,ID01046,Female,8,7,7,6,9,6,6,6,Pass
Student1047,ID01047,Female,7,9,8,6,6,6,8,7,Pass
Student1048,ID01048,Female,7,9,7,6,7,6,7,7,Pass
Student1049,ID01049,Female,7,7,8,8,9,6,7,8,Pass
Student1050,ID01050,Female,8,6,6,9,8,8,0,8,Fail
Student1051,ID01051,Female,6,8,8,9,9,8,7,7,Pass
Student1052,ID01052,Male,8,7,6,6,9,7,7,8,Pass
Student1053,ID01053,Female,7,9,8,6,9,9,6,0,Fail
Student1054,ID01054,Male,6,8,8,7,7,6,7,7,Pass
Student1055,ID01055,Male,8,9,6,8,7,9,9,7,Pass
Student1056,ID01056,Male,9,8,7,7,7,7,9,6,Pass
Student1057,ID01057,Female,9,8,8,9,8,7,9,6,Pass
Student1058,ID01058,Female,8,6,7,6,9,8,8,7,Pass
Student1059,ID01059,Female,8,6,8,8,6,6,8,9,Pass
Student1060,ID01060,Female,8,7,7,7,6,8,8,7,Pass
Student1061,ID01061,Female,6,9,8,7,9,0,9,0,Fail
Student1062,ID01062,Female,8,0,9,9,7,9,8,8,Fail
Student1063,ID01063,Male,7,9,9,7,6,7,8,6,Pass
Student1064,ID01064,Female,6,7,6,8,8,8,9,6,Pass
Student1065,ID01065,Male,7,7,0,9,7,7,8,7,Fail
Student1066,ID01066,Male,6,9,7,7,7,7,8,0,Fail
Student1067,ID01067,Male,9,9,7,6,7,0,9,7,Fail
Student1068,ID01068,Male,8,6,9,7,8,9,8,0,Fail
Student1069,ID01069,Male,7,6,8,7,6,8,7,8,Pass
Student1070,ID01070,Male,9,8,9,0,6,9,8,9,Fail
Student1071,ID01071,Male,8,6,7,7,6,6,6,7,Pass
Student1072,ID01072,Female,9,6,8,7,6,6,9,6,Pass
Student1073,ID01073,Male,9,7,9,7,9,9,8,8,Pass
Student1074,ID01074,Female,6,9,6,0,9,9,6,7,Fail
Student1075,ID01075,Female,7,7,7,6,9,8,6,6,Pass
Student1076,ID01076,Male,7,7,0,6,8,7,9,0,Fail
Student1077,ID01077,Female,9,6,7,9,8,9,7,9,Pass
Student1078,ID01078,Male,8,9,7,9,9,9,6,6,Pass
Student1079,ID01079,Female,8,9,8,7,6,8,6,9,Pass
Student1080,ID01080,Female,9,6,9,9,7,7,9,7,Pass
Student1081,ID01081,Male,6,8,7,6,7,7,9,0,Fail
Student1082,ID01082,Male,6,6,8,6,0,8,8,7,Fail
Student1083,ID01083,Female,0,7,8,6,8,6,6,9,Fail
Student1084,ID01084,Female,9,7,0,9,8,9,9,8,Fail
Student1085,ID01085,Male,6,7,6,8,6,7,9,8,Pass
Student1086,ID01086,Female,7,6,8,9,7,7,9,6,Pass
Student1087,ID01087,Male,6,8,8,9,6,6,9,8,Pass
Student1088,ID01088,Female,6,6,6,9,9,8,0,6,Fail
Student1089,ID01089,Female,6,7,6,9,6,9,8,6,Pass
Student1090,ID01090,Female,8,6,7,8,6,9,9,9,Pass
Student1091,ID01091,Male,9,7,6,8,9,6,6,8,Pass
Student1092,ID01092,Male,8,8,8,8,6,6,6,7,Pass
Student1093,ID01093,Female,9,7,9,9,9,7,7,8,Pass
Student1094,ID01094,Female,0,9,8,7,9,7,7,8,Fail
Student1095,ID01095,Male,8,0,8,9,8,6,6,6,Fail
Student1096,ID01096,Male,6,8,6,9,8,7,8,8,Pass
Student1097,ID01097,Male,7,0,8,6,8,8,7,7,Fail
Student1098,ID01098,Male,9,9,6,8,0,9,7,7,Fail
Student1099,ID01099,Male,8,9,6,0,7,6,9,8,Fail
Student1100,ID01100,Female,7,7,8,8,8,7,8,8,Pass
Student1101,ID01101,Female,8,8,6,6,8,9,6,7,Pass
Student1102,ID01102,Female,9,9,7,7,7,7,9,7,Pass
Student1103,ID01103,Female,9,7,6,6,8,9,9,9,Pass
Student1104,ID01104,Female,6,8,6,6,9,9,8,7,Pass
Student1105,ID01105,Female,6,8,9,6,7,8,9,9,Pass
Student1106,ID01106,Female,8,6,8,9,9,6,9,0,Fail
Student1107,ID01107,Female,9,8,7,0,7,8,8,9,Fail
Student1108,ID01108,Male,8,6,9,8,6,6,6,6,Pass
Student1109,ID01109,Female,6,6,7,8,6,9,7,7,Pass
Student1110,ID01110,Male,8,9,7,9,7,9,6,0,Fail
Student1111,ID01111,Male,6,9,8,7,8,7,9,6,Pass
Student1112,ID01112,Female,7,7,6,9,6,8,6,8,Pass
Student1113,ID01113,Male,9,0,8,6,7,0,7,8,Fail
Student1114,ID01114,Male,6,7,6,7,8,8,6,7,Pass
Student1115,ID01115,Male,8,0,7,8,9,9,9,0,Fail
Student1116,ID01116,Female,8,6,8,9,0,7,6,8,Fail
Student1117,ID01117,Male,9,9,7,6,6,8,9,0,Fail
Student1118,ID01118,Male,9,9,8,8,9,6,6,9,Pass
Student1119,ID01119,Female,8,9,9,6,6,6,9,8,Pass
Student1120,ID01120,Female,6,8,9,6,0,6,7,7,Fail
Student1121,ID01121,Male,7,0,8,8,7,9,9,6,Fail
Student1122,ID01122,Male,9,6,6,7,9,8,8,6,Pass
Student1123,ID01123,Male,8,7,6,9,0,7,8,8,Fail
Student1124,ID01124,Female,9,6,9,9,8,6,8,6,Pass
Student1125,ID01125,Female,8,8,9,6,7,6,6,6,Pass
Student1126,ID01126,Male,9,9,8,0,9,0,9,8,Fail
Student1127,ID01127,Female,6,9,8,8,6,9,9,6,Pass
Student1128,ID01128,Male,8,7,8,8,9,9,0,0,Fail
Student1129,ID01129,Male,7,9,0,9,8,8,8,7,Fail
Student1130,ID01130,Female,6,7,6,7,8,6,7,6,Pass
Student1131,ID01131,Male,0,0,8,6,9,6,6,6,Fail
Student1132,ID01132,Male,9,9,6,9,8,0,6,9,Fail
Student1133,ID01133,Male,8,9,0,6,0,0,9,9,Fail
Student1134,ID01134,Male,9,8,6,8,6,6,8,7,Pass
Student1135,ID01135,Female,8,9,7,6,7,6,9,9,Pass
Student1136,ID01136,Female,7,7,9,8,0,6,7,8,Fail
Student1137,ID01137,Female,8,6,9,7,9,6,9,8,Pass
Student1138,ID01138,Male,9,7,7,9,8,8,8,7,Pass
Student1139,ID01139,Male,7,6,9,8,0,6,9,6,Fail
Student1140,ID01140,Male,9,8,6,7,8,0,8,8,Fail
Student1141,ID01141,Male,8,9,8,9,7,8,9,9,Pass
Student1142,ID01142,Female,7,7,7,8,7,8,6,8,Pass
Student1143,ID01143,Female,6,8,9,9,6,8,9,9,Pass
Student1144,ID01144,Female,9,7,0,8,7,6,8,6,Fail
Student1145,ID01145,Female,9,9,8,7,7,7,8,7,Pass
Student1146,ID01146,Male,6,9,6,7,8,6,6,7,Pass
Student1147,ID01147,Male,8,9,7,9,8,6,9,8,Pass
Student1148,ID01148,Male,8,9,0,7,8,9,6,9,Fail
Student1149,ID01149,Female,9,7,8,6,9,7,9,6,Pass
Student1150,ID01150,Male,6,8,7,7,6,7,8,7,Pass
Student1151,ID01151,Female,0,6,0,7,9,7,8,8,Fail
Student1152,ID01152,Female,9,8,7,7,6,9,7,6,Pass
Student1153,ID01153,Female,7,9,8,6,7,8,8,7,Pass
Student1154,ID01154,Female,6,8,8,9,0,9,6,8,Fail
Student1155,ID01155,Male,8,7,9,6,0,8,8,7,Fail
Student1156,ID01156,Male,8,7,6,6,8,8,8,6,Pass
Student1157,ID01157,Female,9,8,9,9,6,6,9,6,Pass
Student1158,ID01158,Female,6,7,8,6,6,9,6,8,Pass
Student1159,ID01159,Male,8,8,8,7,9,7,6,6,Pass
Student1160,ID01160,Female,0,9,7,6,9,6,6,9,Fail
Student1161,ID01161,Male,7,7,6,7,9,7,6,9,Pass
Student1162,ID01162,Male,9,8,6,8,7,6,6,7,Pass
Student1163,ID01163,Male,6,9,6,6,6,7,9,6,Pass
Student1164,ID01164,Male,0,6,9,9,9,7,9,9,Fail
Student1165,ID01165,Male,7,9,0,0,8,9,6,7,Fail
Student1166,ID01166,Male,6,8,6,8,9,9,8,7,Pass
Student1167,ID01167,Female,7,7,9,9,8,8,9,6,Pass
Student1168,ID01168,Female,8,7,7,9,9,8,6,6,Pass
Student1169,ID01169,Female,7,8,8,7,8,6,9,7,Pass
Student1170,ID01170,Female,7,6,8,9,7,9,0,8,Fail
Student1171,ID01171,Male,8,9,8,8,7,9,6,8,Pass
Student1172,ID01172,Male,7,7,8,6,9,6,6,7,Pass
Student1173,ID01173,Male,6,9,0,9,7,9,9,8,Fail
Student1174,ID01174,Male,7,6,7,7,6,8,6,8,Pass
Student1175,ID01175,Female,7,8,7,0,7,8,6,8,Fail
Student1176,ID01176,Female,7,9,7,7,9,9,6,8,Pass
Student1177,ID01177,Female,8,8,8,9,7,7,6,9,Pass
Student1178,ID01178,Female,7,7,0,6,9,9,7,6,Fail
Student1179,ID01179,Female,8,7,6,8,7,6,9,9,Pass
Student1180,ID01180,Female,9,7,8,9,9,7,8,6,Pass
Student1181,ID01181,Female,6,6,8,7,7,9,6,7,Pass
Student1182,ID01182,Female,6,8,8,0,9,8,6,8,Fail
Student1183,ID01183,Female,7,8,8,8,6,8,7,9,Pass
Student1184,ID01184,Female,7,9,9,8,8,7,9,6,Pass
Student1185,ID01185,Female,0,9,6,7,9,8,6,9,Fail
Student1186,ID01186,Male,9,9,9,7,8,9,7,6,Pass
Student1187,ID01187,Male,8,6,9,0,8,9,7,9,Fail
Student1188,ID01188,Male,6,8,9,7,8,6,8,7,Pass
Student1189,ID01189,Male,8,8,8,7,7,9,7,8,Pass
Student1190,ID01190,Male,9,0,0,9,7,9,9,0,Fail
Student1191,ID01191,Female,6,8,7,7,6,6,6,8,Pass
Student1192,ID01192,Female,7,9,6,8,7,8,6,0,Fail
Student1193,ID01193,Female,6,6,7,6,8,6,9,8,Pass
Student1194,ID01194,Male,7,7,8,6,8,0,6,6,Fail
Student1195,ID01195,Male,9,9,9,8,7,6,8,6,Pass
Student1196,ID01196,Female,6,6,9,0,6,6,6,9,Fail
Student1197,ID01197,Female,9,7,6,9,9,0,7,6,Fail
Student1198,ID01198,Female,7,9,9,7,6,6,6,7,Pass
Student1199,ID01199,Male,7,8,8,6,0,6,8,6,Fail
Student1200,ID01200,Male,7,6,6,8,9,8,6,9,Pass
Student1201,ID01201,Male,9,8,8,6,8,0,0,6,Fail
Student1202,ID01202,Male,6,8,8,8,7,7,6,7,Pass
Student1203,ID01203,Female,9,9,9,9,6,8,9,8,Pass
Student1204,ID01204,Male,9,8,8,6,6,0,6,9,Fail
Student1205,ID01205,Female,8,7,8,6,8,6,9,9,Pass
Student1206,ID01206,Female,9,9,7,8,7,9,7,6,Pass
Student1207,ID01207,Female,6,6,7,7,9,6,8,7,Pass
Student1208,ID01208,Male,7,8,7,6,9,9,7,8,Pass
Student1209,ID01209,Male,7,8,8,9,8,9,6,7,Pass
Student1210,ID01210,Male,7,6,6,8,6,8,6,8,Pass
Student1211,ID01211,Male,8,9,6,7,9,7,6,8,Pass
Student1212,ID01212,Male,6,0,6,6,9,7,9,8,Fail
Student1213,ID01213,Male,6,7,6,8,8,7,6,6,Pass
Student1214,ID01214,Male,9,9,7,8,7,6,6,8,Pass
Student1215,ID01215,Female,6,7,6,8,9,0,6,9,Fail
Student1216,ID01216,Female,7,8,9,6,0,9,7,9,Fail
Student1217,ID01217,Male,9,8,8,0,6,6,7,8,Fail
Student1218,ID01218,Male,8,6,9,7,8,9,7,7,Pass
Student1219,ID01219,Male,6,8,6,0,9,7,7,8,Fail
Student1220,ID01220,Male,6,8,6,9,9,6,6,9,Pass
Student1221,ID01221,Male,7,8,7,8,6,9,6,9,Pass
Student1222,ID01222,Female,8,7,7,7,9,9,0,7,Fail
Student1223,ID01223,Male,6,9,7,8,6,7,8,9,Pass
Student1224,ID01224,Male,9,7,6,9,9,9,7,9,Pass
Student1225,ID01225,Male,8,8,7,8,7,6,6,7,Pass
Student1226,ID01226,Female,7,7,7,7,6,8,7,6,Pass
Student1227,ID01227,Female,6,7,7,6,7,7,6,7,Pass
Student1228,ID01228,Male,9,7,9,8,8,0,6,7,Fail
Student1229,ID01229,Male,6,6,6,9,6,8,7,6,Pass
Student1230,ID01230,Female,8,0,8,7,6,7,8,8,Fail
Student1231,ID01231,Male,7,6,7,9,8,7,7,8,Pass
Student1232,ID01232,Male,9,9,6,0,9,6,6,9,Fail
Student1233,ID01233,Male,8,7,6,8,6,9,6,8,Pass
Student1234,ID01234,Male,7,9,7,7,6,6,9,6,Pass
Student1235,ID01235,Female,6,0,6,8,6,9,9,9,Fail
Student1236,ID01236,Male,0,9,6,9,9,6,8,7,Fail
Student1237,ID01237,Male,8,9,8,6,8,7,8,8,Pass
Student1238,ID01238,Male,9,6,9,9,7,7,8,7,Pass
Student1239,ID01239,Female,9,8,6,7,7,9,8,7,Pass
Student1240,ID01240,Male,6,9,0,6,9,8,6,9,Fail
Student1241,ID01241,Male,6,6,6,9,6,8,6,0,Fail
Student1242,ID01242,Female,0,8,7,8,8,8,8,8,Fail
Student1243,ID01243,Male,9,8,6,0,7,6,9,9,Fail
Student1244,ID01244,Male,6,7,9,7,7,8,7,9,Pass
Student1245,ID01245,Female,8,7,9,6,7,9,7,8,Pass
Student1246,ID01246,Female,7,6,9,8,6,6,9,9,Pass
Student1247,ID01247,Female,9,7,8,6,0,7,9,9,Fail
Student1248,ID01248,Female,8,7,8,6,9,8,6,6,Pass
Student1249,ID01249,Male,7,7,6,7,9,6,8,8,Pass
Student1250,ID01250,Male,9,7,6,6,6,9,7,9,Pass
Student1251,ID01251,Female,9,9,0,6,7,9,7,6,Fail
Student1252,ID01252,Male,6,0,7,9,6,6,9,6,Fail
Student1253,ID01253,Female,7,9,7,9,8,9,9,9,Pass
Student1254,ID01254,Male,7,6,8,7,7,7,9,7,Pass
Student1255,ID01255,Female,7,7,9,7,7,8,9,9,Pass
Student1256,ID01256,Female,7,7,0,9,9,8,7,8,Fail
Student1257,ID01257,Male,8,0,0,8,8,6,7,8,Fail
Student1258,ID01258,Female,0,0,8,7,7,6,7,0,Fail
Student1259,ID01259,Male,8,8,8,6,9,6,6,9,Pass
Student1260,ID01260,Female,0,8,9,6,8,8,7,9,Fail
Student1261,ID01261,Female,8,0,9,6,7,8,9,8,Fail
Student1262,ID01262,Male,8,7,6,8,9,0,9,6,Fail
Student1263,ID01263,Female,7,9,8,6,9,7,6,7,Pass
Student1264,ID01264,Male,8,7,7,8,9,6,8,9,Pass
Student1265,ID01265,Female,8,6,0,7,6,8,9,9,Fail
Student1266,ID01266,Female,0,9,8,9,8,9,7,7,Fail
Student1267,ID01267,Male,6,8,6,8,7,6,9,9,Pass
Student1268,ID01268,Female,9,6,7,6,7,6,6,9,Pass
Student1269,ID01269,Male,9,6,9,9,6,7,9,6,Pass
Student1270,ID01270,Female,9,6,6,9,9,8,6,9,Pass
Student1271,ID01271,Male,8,6,7,9,0,6,6,6,Fail
Student1272,ID01272,Male,8,0,0,9,6,9,9,6,Fail
Student1273,ID01273,Male,6,8,9,8,8,6,0,8,Fail
Student1274,ID01274,Male,9,8,6,9,6,8,0,6,Fail
Student1275,ID01275,Female,7,8,9,0,6,8,9,9,Fail
Student1276,ID01276,Female,9,7,9,8,6,9,6,6,Pass
Student1277,ID01277,Female,0,9,7,9,7,6,7,7,Fail
Student1278,ID01278,Male,6,9,7,6,7,8,6,9,Pass
Student1279,ID01279,Male,9,6,9,7,9,8,6,6,Pass
Student1280,ID01280,Male,9,8,9,9,7,0,8,0,Fail
Student1281,ID01281,Male,8,9,9,7,8,8,9,6,Pass
Student1282,ID01282,Female,9,8,8,6,9,9,0,7,Fail
Student1283,ID01283,Female,8,9,7,9,8,6,7,8,Pass
Student1284,ID01284,Female,6,6,7,6,7,7,9,6,Pass
Student1285,ID01285,Female,6,8,8,8,7,7,8,7,Pass
Student1286,ID01286,Male,9,9,6,8,8,9,9,6,Pass
Student1287,ID01287,Male,9,9,7,9,8,8,6,9,Pass
Student1288,ID01288,Male,9,8,9,9,9,7,7,7,Pass
Student1289,ID01289,Male,8,8,6,7,9,8,0,8,Fail
Student1290,ID01290,Male,9,7,6,6,8,9,0,6,Fail
Student1291,ID01291,Male,7,9,7,9,9,9,7,8,Pass
Student1292,ID01292,Male,7,8,9,0,9,9,8,9,Fail
Student1293,ID01293,Female,8,0,8,9,8,8,8,7,Fail
Student1294,ID01294,Male,7,8,9,7,7,7,8,0,Fail
Student1295,ID01295,Male,9,7,8,8,6,6,6,9,Pass
Student1296,ID01296,Male,9,8,9,9,9,7,9,0,Fail
Student1297,ID01297,Male,8,9,6,9,6,7,6,7,Pass
Student1298,ID01298,Male,9,9,7,7,8,6,6,8,Pass
Student1299,ID01299,Male,8,6,6,7,8,8,6,9,Pass
Student1300,ID01300,Female,9,6,9,9,8,7,9,7,Pass
Student1301,ID01301,Male,9,9,6,7,7,7,7,8,Pass
Student1302,ID01302,Female,9,7,8,9,9,8,7,7,Pass
Student1303,ID01303,Male,0,7,6,9,8,7,8,8,Fail
Student1304,ID01304,Male,9,6,0,6,6,0,9,8,Fail
Student1305,ID01305,Female,9,6,8,0,8,0,9,7,Fail
Student1306,ID01306,Male,9,7,7,9,7,8,7,7,Pass
Student1307,ID01307,Male,0,6,9,8,7,6,6,8,Fail
Student1308,ID01308,Male,9,7,9,0,8,9,8,8,Fail
Student1309,ID01309,Male,7,7,9,9,8,6,0,9,Fail
Student1310,ID01310,Female,8,7,6,0,6,9,7,7,Fail
Student1311,ID01311,Male,7,9,8,9,6,7,9,9,Pass
Student1312,ID01312,Female,8,9,8,6,9,8,7,6,Pass
Student1313,ID01313,Male,7,9,9,7,9,8,7,7,Pass
Student1314,ID01314,Male,8,9,6,8,6,6,6,7,Pass
Student1315,ID01315,Male,9,6,7,0,9,7,8,9,Fail
Student1316,ID01316,Male,7,7,9,7,9,8,9,6,Pass
Student1317,ID01317,Male,7,7,0,6,7,7,0,9,Fail
Student1318,ID01318,Male,6,8,6,9,8,9,6,9,Pass
Student1319,ID01319,Female,8,6,6,9,6,7,6,8,Pass
Student1320,ID01320,Male,7,9,7,7,8,7,9,9,Pass
Student1321,ID01321,Male,6,7,8,8,6,9,6,9,Pass
Student1322,ID01322,Male,8,9,6,6,6,6,6,9,Pass
Student1323,ID01323,Female,8,6,6,9,7,9,9,7,Pass
Student1324,ID01324,Male,8,7,9,7,6,0,6,0,Fail
Student1325,ID01325,Male,7,9,6,6,9,6,9,9,Pass
Student1326,ID01326,Female,7,6,9,0,9,0,9,7,Fail
Student1327,ID01327,Male,7,8,6,8,9,9,9,6,Pass
Student1328,ID01328,Male,9,6,9,9,9,7,7,9,Pass
Student1329,ID01329,Male,0,0,8,8,0,7,0,6,Fail
Student1330,ID01330,Female,6,8,8,7,7,7,7,8,Pass
Student1331,ID01331,Female,6,9,8,7,9,6,8,9,Pass
Student1332,ID01332,Female,7,6,9,9,7,8,7,7,Pass
Student1333,ID01333,Male,8,9,6,9,9,0,8,9,Fail
Student1334,ID01334,Male,6,0,9,8,0,7,7,9,Fail
Student1335,ID01335,Male,9,9,8,7,6,6,7,9,Pass
Student1336,ID01336,Male,8,8,9,8,6,9,8,7,Pass
Student1337,ID01337,Female,9,7,9,7,8,8,7,0,Fail
Student1338,ID01338,Female,6,7,8,8,7,6,9,8,Pass
Student1339,ID01339,Female,9,6,6,9,7,9,8,6,Pass
Student1340,ID01340,Female,8,9,7,7,6,0,7,6,Fail
Student1341,ID01341,Female,6,9,9,6,7,0,9,8,Fail
Student1342,ID01342,Male,8,9,9,9,8,9,9,7,Pass
Student1343,ID01343,Male,7,7,7,8,9,8,0,6,Fail
Student1344,ID01344,Male,0,8,6,6,0,7,8,9,Fail
Student1345,ID01345,Male,8,6,7,8,9,7,8,0,Fail
Student1346,ID01346,Male,0,7,9,8,8,6,9,9,Fail
Student1347,ID01347,Female,7,6,0,6,7,7,9,8,Fail
Student1348,ID01348,Female,9,7,7,8,6,7,8,6,Pass
Student1349,ID01349,Male,9,6,9,8,8,8,6,6,Pass
Student1350,ID01350,Male,6,6,9,7,6,0,8,8,Fail
Student1351,ID01351,Female,7,6,7,6,6,7,9,9,Pass
Student1352,ID01352,Male,8,6,9,8,8,8,6,7,Pass
Student1353,ID01353,Male,6,7,7,7,7,6,9,9,Pass
Student1354,ID01354,Female,7,7,9,6,8,7,8,0,Fail
Student1355,ID01355,Male,0,7,6,6,6,7,0,9,Fail
Student1356,ID01356,Female,7,0,6,8,6,8,9,7,Fail
Student1357,ID01357,Male,7,8,6,8,7,8,8,9,Pass
Student1358,ID01358,Female,8,8,6,8,6,7,7,8,Pass
Student1359,ID01359,Female,6,9,0,8,6,6,6,0,Fail
Student1360,ID01360,Female,8,7,8,6,8,9,7,0,Fail
Student1361,ID01361,Male,6,6,7,7,7,9,8,9,Pass
Student1362,ID01362,Male,7,0,6,0,8,7,8,7,Fail
Student1363,ID01363,Female,6,0,8,9,9,8,6,8,Fail
Student1364,ID01364,Female,7,8,6,8,8,8,9,0,Fail
Student1365,ID01365,Female,8,9,9,7,9,6,9,9,Pass
Student1366,ID01366,Female,0,8,8,7,7,6,7,7,Fail
Student1367,ID01367,Female,6,8,8,7,6,8,7,6,Pass
Student1368,ID01368,Female,6,7,7,7,8,6,6,6,Pass
Student1369,ID01369,Male,8,0,8,8,6,9,7,6,Fail
Student1370,ID01370,Female,8,9,8,7,7,9,8,9,Pass
Student1371,ID01371,Female,8,6,8,0,9,7,9,8,Fail
Student1372,ID01372,Male,7,8,9,0,8,6,6,8,Fail
Student1373,ID01373,Female,9,6,8,6,6,8,7,9,Pass
Student1374,ID01374,Female,8,7,8,8,8,8,7,6,Pass
Student1375,ID01375,Male,0,8,6,9,0,6,6,6,Fail
Student1376,ID01376,Female,6,6,7,8,8,6,7,8,Pass
Student1377,ID01377,Female,8,8,9,0,8,6,9,8,Fail
Student1378,ID01378,Male,6,9,7,6,9,9,7,7,Pass
Student1379,ID01379,Female,9,9,0,6,6,7,9,8,Fail
Student1380,ID01380,Male,7,7,9,6,7,8,0,7,Fail
Student1381,ID01381,Male,8,8,7,7,9,8,7,6,Pass
Student1382,ID01382,Male,6,8,8,8,9,7,8,9,Pass
Student1383,ID01383,Male,8,6,6,9,7,7,9,8,Pass
Student1384,ID01384,Male,7,8,8,8,9,9,7,9,Pass
Student1385,ID01385,Female,6,9,9,9,6,6,9,8,Pass
Student1386,ID01386,Female,7,7,6,7,7,9,6,8,Pass
Student1387,ID01387,Male,7,7,6,8,8,7,9,7,Pass
Student1388,ID01388,Female,8,9,9,7,6,9,9,7,Pass
Student1389,ID01389,Female,8,6,7,8,6,6,0,9,Fail
Student1390,ID01390,Female,9,8,7,8,8,8,6,8,Pass
Student1391,ID01391,Female,7,8,6,0,7,9,9,6,Fail
Student1392,ID01392,Female,0,9,7,8,6,6,6,6,Fail
Student1393,ID01393,Female,8,9,6,7,9,7,7,7,Pass
Student1394,ID01394,Female,9,6,7,0,9,8,6,8,Fail
Student1395,ID01395,Female,8,9,8,9,7,8,7,8,Pass
Student1396,ID01396,Female,6,8,8,7,6,8,6,8,Pass
Student1397,ID01397,Male,7,8,6,8,9,6,9,7,Pass
Student1398,ID01398,Male,9,8,0,8,9,7,8,8,Fail
Student1399,ID01399,Male,7,6,8,6,0,6,8,8,Fail
Student1400,ID01400,Female,6,9,7,7,7,9,9,7,Pass
Student1401,ID01401,Female,9,9,7,7,8,8,0,0,Fail
Student1402,ID01402,Female,9,6,8,9,6,9,6,7,Pass
Student1403,ID01403,Female,7,6,8,8,8,7,8,9,Pass
Student1404,ID01404,Female,0,9,7,7,9,6,8,8,Fail
Student1405,ID01405,Female,9,8,6,6,7,0,7,9,Fail
Student1406,ID01406,Male,6,6,7,7,9,6,8,0,Fail
Student1407,ID01407,Female,7,6,7,6,0,6,8,8,Fail
Student1408,ID01408,Male,6,9,9,8,9,8,9,9,Pass
Student1409,ID01409,Female,8,8,6,7,6,9,6,8,Pass
Student1410,ID01410,Female,7,9,7,9,9,7,8,6,Pass
Student1411,ID01411,Male,9,8,6,6,0,7,7,6,Fail
Student1412,ID01412,Male,7,9,7,7,7,6,6,8,Pass
Student1413,ID01413,Male,6,7,8,8,9,7,8,8,Pass
Student1414,ID01414,Female,7,6,7,6,6,9,8,8,Pass
Student1415,ID01415,Female,6,9,9,7,7,7,7,8,Pass
Student1416,ID01416,Male,8,9,8,9,9,9,8,0,Fail
Student1417,ID01417,Female,6,7,9,8,6,7,7,9,Pass
Student1418,ID01418,Female,6,9,6,7,8,9,7,9,Pass
Student1419,ID01419,Male,9,8,6,7,7,0,7,9,Fail
Student1420,ID01420,Female,8,6,7,8,0,6,6,9,Fail
Student1421,ID01421,Male,7,9,7,8,6,8,6,6,Pass
Student1422,ID01422,Male,8,9,9,9,0,6,7,9,Fail
Student1423,ID01423,Female,8,7,8,9,8,8,8,7,Pass
Student1424,ID01424,Male,8,6,8,8,6,8,9,0,Fail
Student1425,ID01425,Male,6,7,8,7,6,8,0,6,Fail
Student1426,ID01426,Male,9,8,9,0,9,6,8,6,Fail
Student1427,ID01427,Male,9,7,7,8,7,8,8,6,Pass
Student1428,ID01428,Male,7,7,6,9,6,9,0,7,Fail
Student1429,ID01429,Female,8,6,6,7,6,7,6,6,Pass
Student1430,ID01430,Male,6,9,9,6,7,6,6,8,Pass
Student1431,ID01431,Male,0,8,6,6,7,6,0,7,Fail
Student1432,ID01432,Female,6,9,9,7,9,9,6,7,Pass
Student1433,ID01433,Female,6,7,7,9,6,8,9,0,Fail
Student1434,ID01434,Female,7,6,7,8,7,6,9,6,Pass
Student1435,ID01435,Female,9,6,9,6,6,8,6,7,Pass
Student1436,ID01436,Male,7,7,9,6,8,8,8,7,Pass
Student1437,ID01437,Male,9,7,7,6,8,6,7,6,Pass
Student1438,ID01438,Male,9,7,7,9,0,7,8,8,Fail
Student1439,ID01439,Male,9,8,8,9,8,6,8,0,Fail
Student1440,ID01440,Male,0,7,8,8,9,9,8,6,Fail
Student1441,ID01441,Male,7,8,6,6,7,9,8,6,Pass
Student1442,ID01442,Male,8,7,8,7,9,6,9,8,Pass
Student1443,ID01443,Male,6,6,8,7,9,8,8,9,Pass
Student1444,ID01444,Female,8,8,7,7,9,8,9,0,Fail
Student1445,ID01445,Male,9,7,9,7,8,6,6,7,Pass
Student1446,ID01446,Female,9,8,8,7,8,6,9,0,Fail
Student1447,ID01447,Male,0,8,9,9,9,9,9,6,Fail
Student1448,ID01448,Female,6,6,0,7,9,9,6,8,Fail
Student1449,ID01449,Female,9,6,9,7,0,6,9,8,Fail
Student1450,ID01450,Female,8,9,6,9,8,9,6,8,Pass
Student1451,ID01451,Female,0,6,6,9,7,9,7,7,Fail
Student1452,ID01452,Male,7,7,8,8,9,7,9,6,Pass
Student1453,ID01453,Female,8,8,6,9,6,6,9,7,Pass
Student1454,ID01454,Male,7,9,6,8,9,7,8,6,Pass
Student1455,ID01455,Male,8,6,8,6,9,8,7,8,Pass
Student1456,ID01456,Male,6,6,6,6,8,7,9,6,Pass
Student1457,ID01457,Male,7,9,7,9,6,6,9,6,Pass
Student1458,ID01458,Male,7,9,0,7,9,9,8,8,Fail
Student1459,ID01459,Female,9,7,7,8,7,7,6,9,Pass
Student1460,ID01460,Female,7,0,6,7,9,7,6,7,Fail
Student1461,ID01461,Male,8,8,9,7,9,8,6,7,Pass
Student1462,ID01462,Male,9,8,8,6,8,8,0,7,Fail
Student1463,ID01463,Female,6,9,7,8,0,9,9,9,Fail
Student1464,ID01464,Female,7,7,8,9,8,7,8,8,Pass
Student1465,ID01465,Male,9,7,7,7,7,0,7,6,Fail
Student1466,ID01466,Female,6,9,9,7,8,7,7,6,Pass
Student1467,ID01467,Male,6,7,9,8,7,7,9,7,Pass
Student1468,ID01468,Male,8,9,9,6,9,8,6,8,Pass
Student1469,ID01469,Male,9,8,6,6,6,8,8,8,Pass
Student1470,ID01470,Male,6,6,6,6,6,6,7,7,Pass
Student1471,ID01471,Female,7,6,6,6,7,7,6,7,Pass
Student1472,ID01472,Male,9,9,6,7,9,9,8,9,Pass
Student1473,ID01473,Male,7,9,7,6,6,7,8,6,Pass
Student1474,ID01474,Male,6,6,7,0,8,0,9,7,Fail
Student1475,ID01475,Female,6,8,8,9,0,9,8,8,Fail
Student1476,ID01476,Male,8,8,7,7,6,8,9,7,Pass
Student1477,ID01477,Female,6,9,9,8,9,9,6,7,Pass
Student1478,ID01478,Female,8,6,9,9,9,9,8,7,Pass
Student1479,ID01479,Female,9,7,6,9,7,7,9,7,Pass
Student1480,ID01480,Female,8,6,8,8,8,7,6,9,Pass
Student1481,ID01481,Female,6,9,8,7,8,9,7,6,Pass
Student1482,ID01482,Male,8,6,6,9,6,9,8,9,Pass
Student1483,ID01483,Female,6,9,6,7,7,8,0,7,Fail
Student1484,ID01484,Female,6,9,7,0,6,9,0,7,Fail
Student1485,ID01485,Male,0,7,8,6,9,6,8,8,Fail
Student1486,ID01486,Female,6,8,8,8,7,9,8,6,Pass
Student1487,ID01487,Male,6,9,7,9,7,7,0,9,Fail
Student1488,ID01488,Female,6,9,8,6,6,8,9,8,Pass
Student1489,ID01489,Male,6,7,6,7,6,8,7,8,Pass
Student1490,ID01490,Male,9,8,0,6,8,6,9,8,Fail
Student1491,ID01491,Male,6,8,0,9,8,8,7,0,Fail
Student1492,ID01492,Female,6,8,7,6,8,9,8,0,Fail
Student1493,ID01493,Female,0,7,6,9,6,9,8,8,Fail
Student1494,ID01494,Male,7,9,6,7,9,6,9,8,Pass
Student1495,ID01495,Male,7,8,6,9,0,9,6,8,Fail
Student1496,ID01496,Male,6,9,7,6,9,9,9,8,Pass
Student1497,ID01497,Female,7,6,8,6,7,8,6,6,Pass
Student1498,ID01498,Male,6,9,9,8,7,9,7,9,Pass
Student1499,ID01499,Male,7,8,6,7,7,8,8,6,Pass
Student1500,ID01500,Male,8,9,9,7,8,9,0,6,Fail
Student1501,ID01501,Female,6,8,9,9,6,9,7,7,Pass
Student1502,ID01502,Female,7,6,7,7,8,0,0,9,Fail
Student1503,ID01503,Female,8,7,6,6,6,7,6,6,Pass
Student1504,ID01504,Female,0,6,9,6,0,9,6,8,Fail
Student1505,ID01505,Male,7,7,7,8,6,0,0,7,Fail
Student1506,ID01506,Female,0,7,8,9,0,8,6,7,Fail
Student1507,ID01507,Female,6,7,7,9,6,6,7,8,Pass
Student1508,ID01508,Female,8,6,8,6,6,8,7,8,Pass
Student1509,ID01509,Female,6,6,8,8,8,6,9,9,Pass
Student1510,ID01510,Male,6,9,9,7,0,7,8,9,Fail
Student1511,ID01511,Male,0,9,6,7,8,9,8,9,Fail
Student1512,ID01512,Male,7,7,0,6,6,8,7,7,Fail
Student1513,ID01513,Female,6,8,6,9,9,8,9,9,Pass
Student1514,ID01514,Male,6,6,9,6,8,8,8,0,Fail
Student1515,ID01515,Female,8,8,8,8,6,8,7,6,Pass
Student1516,ID01516,Female,9,0,7,8,9,6,6,7,Fail
Student1517,ID01517,Male,6,9,9,7,9,6,8,7,Pass
Student1518,ID01518,Male,6,8,8,9,7,7,7,6,Pass
Student1519,ID01519,Male,8,8,0,6,7,0,6,8,Fail
Student1520,ID01520,Male,8,0,6,9,7,6,8,6,Fail
Student1521,ID01521,Male,6,9,6,8,7,9,6,8,Pass
Student1522,ID01522,Female,8,7,9,8,8,0,9,6,Fail
Student1523,ID01523,Female,8,6,7,7,8,0,6,9,Fail
Student1524,ID01524,Female,8,9,0,7,7,6,7,7,Fail
Student1525,ID01525,Male,6,9,9,8,7,8,6,7,Pass
Student1526,ID01526,Female,9,7,7,7,8,9,7,9,Pass
Student1527,ID01527,Male,0,9,8,6,9,7,9,9,Fail
Student1528,ID01528,Male,8,7,9,6,6,8,8,7,Pass
Student1529,ID01529,Female,8,9,9,6,7,6,0,6,Fail
Student1530,ID01530,Female,8,9,9,0,9,0,8,8,Fail
Student1531,ID01531,Female,8,6,7,8,6,7,9,0,Fail
Student1532,ID01532,Male,7,7,9,9,9,8,7,9,Pass
Student1533,ID01533,Female,7,9,9,8,8,7,0,6,Fail
Student1534,ID01534,Female,8,6,9,7,0,0,8,9,Fail
Student1535,ID01535,Male,8,8,8,6,8,9,0,7,Fail
Student1536,ID01536,Female,8,6,6,6,8,6,6,8,Pass
Student1537,ID01537,Female,8,8,8,6,6,9,7,8,Pass
Student1538,ID01538,Female,0,7,7,8,9,7,8,8,Fail
Student1539,ID01539,Male,9,8,8,7,8,9,6,6,Pass
Student1540,ID01540,Male,9,6,7,7,6,9,8,7,Pass
Student1541,ID01541,Female,6,9,9,6,7,6,7,8,Pass
Student1542,ID01542,Female,7,7,6,7,6,8,6,8,Pass
Student1543,ID01543,Female,6,0,6,7,9,8,6,7,Fail
Student1544,ID01544,Female,6,9,8,6,7,9,8,9,Pass
Student1545,ID01545,Male,6,9,8,9,8,7,0,7,Fail
Student1546,ID01546,Female,8,9,7,9,6,6,9,6,Pass
Student1547,ID01547,Male,8,0,9,6,8,8,9,0,Fail
Student1548,ID01548,Female,8,6,7,6,9,6,8,8,Pass
Student1549,ID01549,Female,8,8,0,7,9,9,6,7,Fail
Student1550,ID01550,Female,9,8,8,7,7,8,8,8,Pass
Student1551,ID01551,Male,6,9,9,7,7,9,8,6,Pass
Student1552,ID01552,Female,8,9,9,9,8,9,8,9,Pass
Student1553,ID01553,Female,9,8,9,9,9,0,9,8,Fail
Student1554,ID01554,Male,9,9,9,8,7,6,0,6,Fail
Student1555,ID01555,Male,8,7,9,9,0,7,7,7,Fail
Student1556,ID01556,Male,0,6,7,8,7,9,9,6,Fail
Student1557,ID01557,Female,0,6,8,7,9,6,7,7,Fail
Student1558,ID01558,Male,7,6,7,8,6,7,8,6,Pass
Student1559,ID01559,Male,7,8,7,9,7,8,8,6,Pass
Student1560,ID01560,Female,7,7,7,6,9,7,7,7,Pass
Student1561,ID01561,Male,8,7,7,6,6,6,6,9,Pass
Student1562,ID01562,Female,6,6,6,8,8,8,8,7,Pass
Student1563,ID01563,Female,6,9,8,7,7,8,8,9,Pass
Student1564,ID01564,Male,9,6,8,8,7,8,6,8,Pass
Student1565,ID01565,Female,7,9,9,8,9,9,7,7,Pass
Student1566,ID01566,Female,9,7,8,6,8,6,9,7,Pass
Student1567,ID01567,Male,6,7,7,7,0,6,9,6,Fail
Student1568,ID01568,Male,9,9,6,7,6,6,6,8,Pass
Student1569,ID01569,Male,7,6,6,9,6,7,7,8,Pass
Student1570,ID01570,Female,9,7,7,9,7,9,7,6,Pass
Student1571,ID01571,Female,6,8,8,9,6,6,7,8,Pass
Student1572,ID01572,Female,7,6,8,6,9,6,6,6,Pass
Student1573,ID01573,Female,9,6,7,9,8,8,6,9,Pass
Student1574,ID01574,Male,8,6,8,9,7,7,7,8,Pass
Student1575,ID01575,Male,9,0,0,9,8,7,8,6,Fail
Student1576,ID01576,Female,9,7,9,8,6,6,6,0,Fail
Student1577,ID01577,Female,7,6,9,9,9,8,9,7,Pass
Student1578,ID01578,Female,7,8,9,6,7,8,9,7,Pass
Student1579,ID01579,Male,7,8,8,9,9,9,6,8,Pass
Student1580,ID01580,Female,0,9,0,7,9,9,6,6,Fail
Student1581,ID01581,Male,6,8,6,7,6,9,9,9,Pass
Student1582,ID01582,Male,7,6,0,8,6,6,6,6,Fail
Student1583,ID01583,Female,6,9,8,8,6,7,7,8,Pass
Student1584,ID01584,Female,0,0,9,7,9,8,6,7,Fail
Student1585,ID01585,Male,8,8,8,9,6,9,7,6,Pass
Student1586,ID01586,Female,8,8,8,7,9,0,9,7,Fail
Student1587,ID01587,Male,6,6,6,6,7,7,9,8,Pass
Student1588,ID01588,Male,6,9,6,6,7,7,9,6,Pass
Student1589,ID01589,Female,7,8,6,6,8,8,7,6,Pass
Student1590,ID01590,Male,7,9,6,7,7,7,7,0,Fail
Student1591,ID01591,Female,9,9,6,7,0,7,6,8,Fail
Student1592,ID01592,Male,8,8,9,6,7,9,7,9,Pass
Student1593,ID01593,Male,9,6,9,9,6,7,8,9,Pass
Student1594,ID01594,Male,9,6,8,8,0,6,8,0,Fail
Student1595,ID01595,Male,9,6,7,9,8,6,9,7,Pass
Student1596,ID01596,Female,9,6,7,8,8,6,9,6,Pass
Student1597,ID01597,Male,6,6,9,6,6,7,9,8,Pass
Student1598,ID01598,Male,7,6,8,9,9,9,6,6,Pass
Student1599,ID01599,Male,8,9,9,0,8,7,9,6,Fail
Student1600,ID01600,Female,8,6,9,6,9,9,7,9,Pass
Student1601,ID01601,Female,6,7,9,6,9,6,6,7,Pass
Student1602,ID01602,Male,7,6,6,9,9,9,8,8,Pass
Student1603,ID01603,Male,6,9,7,9,9,6,7,6,Pass
Student1604,ID01604,Female,8,6,8,8,7,9,0,6,Fail
Student1605,ID01605,Male,8,6,9,8,7,6,7,8,Pass
Student1606,ID01606,Male,0,9,8,0,7,7,8,6,Fail
Student1607,ID01607,Female,8,7,9,6,8,9,8,6,Pass
Student1608,ID01608,Male,7,7,9,6,9,7,8,8,Pass
Student1609,ID01609,Female,7,7,7,6,7,7,9,6,Pass
Student1610,ID01610,Female,7,8,8,6,8,8,9,7,Pass
Student1611,ID01611,Male,8,8,8,9,7,6,0,9,Fail
Student1612,ID01612,Female,7,7,0,8,7,7,8,9,Fail
Student1613,ID01613,Male,7,7,9,8,9,8,8,0,Fail
Student1614,ID01614,Female,6,8,9,9,7,0,9,7,Fail
Student1615,ID01615,Male,7,7,6,6,8,9,6,6,Pass
Student1616,ID01616,Male,6,7,6,7,6,6,9,8,Pass
Student1617,ID01617,Female,6,7,9,6,9,6,6,7,Pass
Student1618,ID01618,Male,9,9,7,9,7,8,8,0,Fail
Student1619,ID01619,Female,6,6,9,8,8,8,7,8,Pass
Student1620,ID01620,Female,6,7,8,9,9,6,9,9,Pass
Student1621,ID01621,Male,7,6,6,0,6,6,9,8,Fail
Student1622,ID01622,Male,7,9,8,7,9,8,9,9,Pass
Student1623,ID01623,Female,9,9,7,8,7,6,7,8,Pass
Student1624,ID01624,Male,0,9,9,9,9,6,8,7,Fail
Student1625,ID01625,Female,7,8,8,0,7,6,9,9,Fail
Student1626,ID01626,Female,7,7,8,7,7,8,6,8,Pass
Student1627,ID01627,Female,6,9,0,7,8,7,7,0,Fail
Student1628,ID01628,Female,7,8,8,0,7,7,6,9,Fail
Student1629,ID01629,Male,8,9,7,0,6,7,6,6,Fail
Student1630,ID01630,Female,7,8,7,9,6,6,7,9,Pass
Student1631,ID01631,Male,9,8,9,6,0,6,8,7,Fail
Student1632,ID01632,Male,7,7,6,6,6,8,6,9,Pass
Student1633,ID01633,Male,7,7,9,6,7,9,6,6,Pass
Student1634,ID01634,Male,9,0,6,9,6,9,7,6,Fail
Student1635,ID01635,Male,9,7,7,9,9,6,7,6,Pass
Student1636,ID01636,Female,6,6,7,8,0,0,6,0,Fail
Student1637,ID01637,Female,9,6,7,0,7,7,7,8,Fail
Student1638,ID01638,Male,8,8,6,6,6,7,7,6,Pass
Student1639,ID01639,Female,9,7,9,0,6,9,9,6,Fail
Student1640,ID01640,Female,6,6,6,7,0,9,9,9,Fail
Student1641,ID01641,Male,6,7,9,0,0,9,8,7,Fail
Student1642,ID01642,Male,8,7,6,7,8,6,6,7,Pass
Student1643,ID01643,Male,6,6,7,8,6,6,9,0,Fail
Student1644,ID01644,Female,8,6,0,0,6,8,8,8,Fail
Student1645,ID01645,Male,0,9,8,8,7,0,6,6,Fail
Student1646,ID01646,Male,8,9,6,6,9,7,7,9,Pass
Student1647,ID01647,Female,6,6,9,6,7,6,8,9,Pass
Student1648,ID01648,Female,8,8,6,9,7,8,9,8,Pass
Student1649,ID01649,Female,8,9,8,7,7,7,6,9,Pass
Student1650,ID01650,Male,6,8,7,9,8,6,7,9,Pass
Student1651,ID01651,Female,6,9,7,7,7,8,8,9,Pass
Student1652,ID01652,Male,7,9,7,9,8,7,6,7,Pass
Student1653,ID01653,Male,7,6,6,6,7,8,9,0,Fail
Student1654,ID01654,Female,8,9,9,6,9,8,7,6,Pass
Student1655,ID01655,Male,6,9,6,9,8,8,6,7,Pass
Student1656,ID01656,Male,6,8,9,6,6,8,7,9,Pass
Student1657,ID01657,Male,7,6,0,6,7,7,7,9,Fail
Student1658,ID01658,Female,7,8,9,6,7,0,9,6,Fail
Student1659,ID01659,Male,6,9,7,8,6,8,6,8,Pass
Student1660,ID01660,Male,6,6,7,7,9,8,9,9,Pass
Student1661,ID01661,Male,0,9,7,9,8,9,0,7,Fail
Student1662,ID01662,Male,7,8,6,9,0,6,6,8,Fail
Student1663,ID01663,Female,8,8,8,9,9,6,9,9,Pass
Student1664,ID01664,Female,9,6,7,7,6,9,8,0,Fail
Student1665,ID01665,Male,9,7,7,7,8,9,0,7,Fail
Student1666,ID01666,Male,0,9,8,6,8,6,9,9,Fail
Student1667,ID01667,Male,9,0,6,7,7,7,6,9,Fail
Student1668,ID01668,Female,9,9,0,9,7,7,7,0,Fail
Student1669,ID01669,Female,7,7,9,0,9,6,8,0,Fail
Student1670,ID01670,Female,8,7,7,7,6,6,8,8,Pass
Student1671,ID01671,Male,6,9,7,9,9,8,8,6,Pass
Student1672,ID01672,Female,7,7,0,6,7,8,9,9,Fail
Student1673,ID01673,Male,8,8,8,8,9,9,9,6,Pass
Student1674,ID01674,Female,7,7,6,8,7,7,7,6,Pass
Student1675,ID01675,Female,6,8,0,9,7,8,9,6,Fail
Student1676,ID01676,Male,9,8,6,9,6,9,7,8,Pass
Student1677,ID01677,Male,6,7,8,6,0,7,9,8,Fail
Student1678,ID01678,Male,9,8,6,6,6,8,6,9,Pass
Student1679,ID01679,Male,7,8,9,0,6,7,8,6,Fail
Student1680,ID01680,Male,9,9,9,6,6,6,8,9,Pass
Student1681,ID01681,Male,7,6,6,6,7,8,8,0,Fail
Student1682,ID01682,Male,9,6,8,7,6,6,9,7,Pass
Student1683,ID01683,Male,9,6,7,8,7,7,7,6,Pass
Student1684,ID01684,Male,8,0,9,6,0,6,8,6,Fail
Student1685,ID01685,Female,7,8,6,8,6,7,7,8,Pass
Student1686,ID01686,Female,9,8,8,7,9,8,9,8,Pass
Student1687,ID01687,Male,8,6,9,9,6,8,7,7,Pass
Student1688,ID01688,Female,8,8,6,0,6,7,9,6,Fail
Student1689,ID01689,Male,6,9,8,7,9,9,6,8,Pass
Student1690,ID01690,Male,8,6,6,8,7,7,7,6,Pass
Student1691,ID01691,Male,7,9,8,7,9,7,7,7,Pass
Student1692,ID01692,Male,8,0,6,7,8,0,6,7,Fail
Student1693,ID01693,Male,6,8,8,0,9,6,8,0,Fail
Student1694,ID01694,Male,9,6,8,9,7,7,6,7,Pass
Student1695,ID01695,Female,8,7,0,9,7,8,7,6,Fail
Student1696,ID01696,Male,8,8,7,6,6,0,6,8,Fail
Student1697,ID01697,Male,9,9,6,6,9,7,8,6,Pass
Student1698,ID01698,Male,9,9,9,7,6,8,6,9,Pass
Student1699,ID01699,Female,7,6,7,6,9,9,6,6,Pass
Student1700,ID01700,Female,9,8,7,7,7,7,8,9,Pass
Student1701,ID01701,Female,0,8,6,0,6,6,9,0,Fail
Student1702,ID01702,Male,6,8,6,8,6,7,7,9,Pass
Student1703,ID01703,Female,8,8,8,8,9,6,8,9,Pass
Student1704,ID01704,Male,7,6,7,6,7,8,7,8,Pass
Student1705,ID01705,Female,8,7,8,6,7,6,8,8,Pass
Student1706,ID01706,Male,7,8,7,8,6,9,6,6,Pass
Student1707,ID01707,Male,6,8,7,8,8,6,7,8,Pass
Student1708,ID01708,Female,0,7,7,6,6,7,7,6,Fail
Student1709,ID01709,Male,9,6,7,6,7,8,6,6,Pass
Student1710,ID01710,Female,9,9,0,6,9,8,8,7,Fail
Student1711,ID01711,Female,7,6,7,6,7,9,6,9,Pass
Student1712,ID01712,Female,7,0,7,8,9,9,6,6,Fail
Student1713,ID01713,Female,9,6,6,9,6,8,7,9,Pass
Student1714,ID01714,Male,6,7,9,8,8,8,9,6,Pass
Student1715,ID01715,Female,8,8,6,6,6,7,7,6,Pass
Student1716,ID01716,Female,6,9,9,6,9,7,8,9,Pass
Student1717,ID01717,Male,7,8,6,8,8,9,6,6,Pass
Student1718,ID01718,Male,9,9,9,6,7,8,6,9,Pass
Student1719,ID01719,Female,6,8,6,8,9,8,9,7,Pass
Student1720,ID01720,Female,8,9,8,0,9,8,9,6,Fail
Student1721,ID01721,Male,9,7,9,8,8,7,9,7,Pass
Student1722,ID01722,Female,9,6,6,7,7,9,8,0,Fail
Student1723,ID01723,Female,9,7,6,9,6,7,0,7,Fail
Student1724,ID01724,Male,9,0,9,9,9,6,7,8,Fail
Student1725,ID01725,Female,6,7,7,9,9,6,7,9,Pass
Student1726,ID01726,Female,9,7,7,9,9,9,8,8,Pass
Student1727,ID01727,Female,8,7,9,6,9,9,6,8,Pass
Student1728,ID01728,Male,9,7,7,6,7,8,6,0,Fail
Student1729,ID01729,Male,8,8,7,7,0,9,9,9,Fail
Student1730,ID01730,Female,7,6,9,8,0,9,8,7,Fail
Student1731,ID01731,Female,8,8,6,8,9,9,7,9,Pass
Student1732,ID01732,Female,9,7,7,6,6,6,6,6,Pass
Student1733,ID01733,Female,9,6,7,9,7,6,7,8,Pass
Student1734,ID01734,Female,9,8,7,6,7,7,7,8,Pass
Student1735,ID01735,Male,6,6,9,6,6,6,0,6,Fail
Student1736,ID01736,Male,7,8,9,9,9,9,7,7,Pass
Student1737,ID01737,Female,6,9,7,8,0,6,0,8,Fail
Student1738,ID01738,Male,8,7,9,6,8,7,6,0,Fail
Student1739,ID01739,Female,7,9,8,6,7,8,6,7,Pass
Student1740,ID01740,Male,7,6,7,6,0,9,9,7,Fail
Student1741,ID01741,Female,6,6,0,9,7,8,6,6,Fail
Student1742,ID01742,Female,6,7,9,9,0,6,9,9,Fail
Student1743,ID01743,Female,9,8,6,6,8,8,6,9,Pass
Student1744,ID01744,Female,7,6,9,9,7,7,8,9,Pass
Student1745,ID01745,Female,8,6,8,7,8,7,6,6,Pass
Student1746,ID01746,Female,7,6,8,7,8,7,7,6,Pass
Student1747,ID01747,Male,8,7,9,0,6,7,6,8,Fail
Student1748,ID01748,Female,8,6,8,9,7,9,9,7,Pass
Student1749,ID01749,Male,8,9,7,7,6,9,6,7,Pass
Student1750,ID01750,Female,9,6,7,6,6,8,8,8,Pass
Student1751,ID01751,Male,7,6,8,9,8,9,6,6,Pass
Student1752,ID01752,Male,0,7,0,8,6,6,6,9,Fail
Student1753,ID01753,Female,0,8,7,6,7,8,7,8,Fail
Student1754,ID01754,Female,9,6,9,7,8,8,9,9,Pass
Student1755,ID01755,Male,8,8,7,6,9,7,6,9,Pass
Student1756,ID01756,Female,6,7,6,8,9,0,9,9,Fail
Student1757,ID01757,Male,7,7,6,0,9,8,9,0,Fail
Student1758,ID01758,Female,9,8,7,0,9,7,9,8,Fail
Student1759,ID01759,Female,0,9,7,6,6,8,9,0,Fail
Student1760,ID01760,Female,8,7,0,6,8,7,6,8,Fail
Student1761,ID01761,Female,8,9,0,7,8,6,9,9,Fail
Student1762,ID01762,Male,7,9,8,8,6,8,9,9,Pass
Student1763,ID01763,Male,8,8,0,6,7,7,7,8,Fail
Student1764,ID01764,Male,6,8,8,7,6,6,6,7,Pass
Student1765,ID01765,Female,9,9,9,7,6,9,6,6,Pass
Student1766,ID01766,Male,9,9,7,9,9,6,9,9,Pass
Student1767,ID01767,Female,0,8,6,9,8,9,0,0,Fail
Student1768,ID01768,Male,7,6,7,8,8,7,8,6,Pass
Student1769,ID01769,Female,0,7,6,8,9,9,8,7,Fail
Student1770,ID01770,Female,9,7,8,6,7,7,7,7,Pass
Student1771,ID01771,Female,7,8,6,9,0,7,0,8,Fail
Student1772,ID01772,Female,9,9,6,6,6,6,8,7,Pass
Student1773,ID01773,Female,6,7,7,7,6,9,0,9,Fail
Student1774,ID01774,Male,9,6,6,6,9,6,6,8,Pass
Student1775,ID01775,Female,6,9,7,8,8,7,8,6,Pass
Student1776,ID01776,Male,7,9,6,8,8,6,0,8,Fail
Student1777,ID01777,Female,7,7,6,7,9,7,9,9,Pass
Student1778,ID01778,Male,7,9,8,8,6,8,8,6,Pass
Student1779,ID01779,Male,7,8,6,9,8,9,9,6,Pass
Student1780,ID01780,Male,9,7,6,0,8,7,7,9,Fail
Student1781,ID01781,Male,7,7,6,7,7,6,8,7,Pass
Student1782,ID01782,Male,8,9,6,8,9,7,0,8,Fail
Student1783,ID01783,Female,0,6,0,8,9,9,8,8,Fail
Student1784,ID01784,Male,7,7,8,6,7,6,8,9,Pass
Student1785,ID01785,Male,9,9,8,0,8,9,7,6,Fail
Student1786,ID01786,Female,9,6,9,7,0,8,9,8,Fail
Student1787,ID01787,Female,9,8,7,7,7,0,9,9,Fail
Student1788,ID01788,Male,8,9,9,9,8,6,8,7,Pass
Student1789,ID01789,Male,6,7,6,6,9,9,8,0,Fail
Student1790,ID01790,Male,6,6,9,8,9,6,7,9,Pass
Student1791,ID01791,Male,6,6,7,9,8,6,6,8,Pass
Student1792,ID01792,Male,9,9,0,8,0,0,7,8,Fail
Student1793,ID01793,Male,8,7,7,7,7,9,6,9,Pass
Student1794,ID01794,Female,7,7,9,6,0,9,7,8,Fail
Student1795,ID01795,Male,8,7,7,8,8,6,0,6,Fail
Student1796,ID01796,Male,8,9,8,8,9,8,8,6,Pass
Student1797,ID01797,Female,9,7,6,6,9,7,6,6,Pass
Student1798,ID01798,Female,9,6,7,9,6,7,8,8,Pass
Student1799,ID01799,Female,7,9,8,9,8,9,9,7,Pass
Student1800,ID01800,Male,7,9,9,6,8,9,9,9,Pass
Student1801,ID01801,Male,6,8,7,9,7,7,9,9,Pass
Student1802,ID01802,Female,7,8,9,8,7,9,9,8,Pass
Student1803,ID01803,Male,7,6,6,6,9,8,6,6,Pass
Student1804,ID01804,Female,9,7,9,6,0,7,6,7,Fail
Student1805,ID01805,Female,7,9,6,9,9,6,8,9,Pass
Student1806,ID01806,Female,6,9,8,7,8,8,6,0,Fail
Student1807,ID01807,Female,7,9,7,9,8,7,6,9,Pass
Student1808,ID01808,Male,9,0,7,7,7,8,9,9,Fail
Student1809,ID01809,Male,7,7,9,7,8,8,6,7,Pass
Student1810,ID01810,Male,9,8,8,8,7,6,7,9,Pass
Student1811,ID01811,Female,6,6,8,0,7,9,7,8,Fail
Student1812,ID01812,Female,7,6,9,6,9,7,9,6,Pass
Student1813,ID01813,Female,0,8,8,0,9,9,7,8,Fail
Student1814,ID01814,Male,8,9,8,6,6,8,7,6,Pass
Student1815,ID01815,Male,9,7,8,7,7,9,6,7,Pass
Student1816,ID01816,Female,6,8,6,7,6,9,7,9,Pass
Student1817,ID01817,Female,9,9,9,6,9,9,8,8,Pass
Student1818,ID01818,Female,8,0,8,8,8,7,9,9,Fail
Student1819,ID01819,Female,8,9,7,7,6,6,7,0,Fail
Student1820,ID01820,Female,6,7,6,9,9,9,7,6,Pass
Student1821,ID01821,Male,9,8,7,8,7,8,6,6,Pass
Student1822,ID01822,Male,9,9,0,8,7,7,9,6,Fail
Student1823,ID01823,Female,6,6,7,9,0,7,9,6,Fail
Student1824,ID01824,Female,6,9,6,9,0,0,7,6,Fail
Student1825,ID01825,Male,0,0,6,7,9,9,8,8,Fail
Student1826,ID01826,Female,6,8,9,6,6,9,6,9,Pass
Student1827,ID01827,Female,6,7,7,8,0,7,9,0,Fail
Student1828,ID01828,Female,7,6,6,7,0,8,6,6,Fail
Student1829,ID01829,Female,0,7,9,6,8,9,7,9,Fail
Student1830,ID01830,Male,9,7,8,7,9,8,9,7,Pass
Student1831,ID01831,Female,9,7,7,7,7,7,7,7,Pass
Student1832,ID01832,Male,7,7,6,7,7,7,6,6,Pass
Student1833,ID01833,Female,6,9,6,9,8,9,7,8,Pass
Student1834,ID01834,Male,8,8,7,8,7,9,9,8,Pass
Student1835,ID01835,Female,6,9,9,7,6,8,7,8,Pass
Student1836,ID01836,Male,6,8,6,9,8,9,9,7,Pass
Student1837,ID01837,Male,6,8,9,6,8,8,7,8,Pass
Student1838,ID01838,Male,9,8,7,0,9,7,6,8,Fail
Student1839,ID01839,Male,7,7,9,9,9,8,6,6,Pass
Student1840,ID01840,Female,9,7,6,9,0,9,6,8,Fail
Student1841,ID01841,Male,8,0,9,6,0,8,7,6,Fail
Student1842,ID01842,Female,6,8,8,7,7,7,6,8,Pass
Student1843,ID01843,Female,0,8,7,8,8,9,6,6,Fail
Student1844,ID01844,Male,8,6,9,9,0,9,8,7,Fail
Student1845,ID01845,Female,9,6,8,6,7,8,9,8,Pass
Student1846,ID01846,Male,6,9,7,7,8,7,7,7,Pass
Student1847,ID01847,Male,6,7,9,7,7,8,9,6,Pass
Student1848,ID01848,Female,6,9,9,9,9,6,9,7,Pass
Student1849,ID01849,Female,8,9,8,8,8,7,7,7,Pass
Student1850,ID01850,Female,6,0,6,8,6,6,6,7,Fail
Student1851,ID01851,Male,8,9,9,6,9,6,6,8,Pass
Student1852,ID01852,Female,9,6,7,9,7,7,6,7,Pass
Student1853,ID01853,Female,6,7,7,8,6,9,9,6,Pass
Student1854,ID01854,Male,6,8,9,7,0,6,8,9,Fail
Student1855,ID01855,Male,8,8,9,8,6,8,8,9,Pass
Student1856,ID01856,Female,7,6,7,8,9,6,8,9,Pass
Student1857,ID01857,Male,9,6,8,8,7,7,6,8,Pass
Student1858,ID01858,Female,6,6,9,7,8,7,9,6,Pass
Student1859,ID01859,Male,9,6,8,9,6,6,6,7,Pass
Student1860,ID01860,Male,9,9,8,8,8,8,7,9,Pass
Student1861,ID01861,Female,6,6,7,7,8,7,9,7,Pass
Student1862,ID01862,Female,8,6,8,6,7,8,7,8,Pass
Student1863,ID01863,Female,6,7,7,6,9,8,9,7,Pass
Student1864,ID01864,Male,8,9,8,0,8,7,9,6,Fail
Student1865,ID01865,Male,7,8,8,8,0,9,0,6,Fail
Student1866,ID01866,Female,7,9,9,7,6,7,6,7,Pass
Student1867,ID01867,Male,9,6,9,6,7,9,6,8,Pass
Student1868,ID01868,Female,7,6,6,9,7,8,8,8,Pass
Student1869,ID01869,Male,8,6,7,8,9,8,7,7,Pass
Student1870,ID01870,Male,7,6,9,8,0,8,9,8,Fail
Student1871,ID01871,Male,7,6,9,9,7,8,7,6,Pass
Student1872,ID01872,Male,7,9,7,7,7,9,9,9,Pass
Student1873,ID01873,Female,9,7,7,9,6,6,7,9,Pass
Student1874,ID01874,Male,8,6,7,9,7,8,9,6,Pass
Student1875,ID01875,Male,6,8,8,6,6,6,6,8,Pass
Student1876,ID01876,Female,6,7,8,9,6,8,8,6,Pass
Student1877,ID01877,Male,7,0,7,6,9,9,6,8,Fail
Student1878,ID01878,Female,8,6,7,8,7,6,7,6,Pass
Student1879,ID01879,Female,9,0,7,6,6,8,8,9,Fail
Student1880,ID01880,Male,7,0,9,7,6,7,6,8,Fail
Student1881,ID01881,Male,9,9,7,7,6,8,6,9,Pass
Student1882,ID01882,Male,9,9,8,8,9,9,9,8,Pass
Student1883,ID01883,Female,8,7,0,9,8,6,7,6,Fail
Student1884,ID01884,Female,7,9,6,6,9,6,7,8,Pass
Student1885,ID01885,Female,0,7,0,6,7,8,8,7,Fail
Student1886,ID01886,Female,7,8,6,6,8,8,9,7,Pass
Student1887,ID01887,Male,8,9,7,7,8,8,8,8,Pass
Student1888,ID01888,Male,8,7,9,9,0,8,7,9,Fail
Student1889,ID01889,Male,6,9,8,0,7,6,8,9,Fail
Student1890,ID01890,Male,8,0,7,7,7,9,7,9,Fail
Student1891,ID01891,Female,6,6,6,6,8,6,7,7,Pass
Student1892,ID01892,Female,6,6,8,6,8,7,9,9,Pass
Student1893,ID01893,Female,9,7,8,6,9,0,7,7,Fail
Student1894,ID01894,Male,6,9,9,0,9,7,9,0,Fail
Student1895,ID01895,Female,6,9,8,8,7,7,9,7,Pass
Student1896,ID01896,Male,6,9,7,9,9,7,9,9,Pass
Student1897,ID01897,Male,8,8,6,6,7,8,6,8,Pass
Student1898,ID01898,Male,7,8,9,8,9,8,6,9,Pass
Student1899,ID01899,Female,9,6,7,6,7,0,9,9,Fail
Student1900,ID01900,Female,8,7,7,6,8,9,9,7,Pass
Student1901,ID01901,Male,7,9,6,9,9,8,9,6,Pass
Student1902,ID01902,Female,6,8,8,7,9,7,8,8,Pass
Student1903,ID01903,Male,9,9,9,6,7,0,8,6,Fail
Student1904,ID01904,Female,9,8,9,8,8,9,8,9,Pass
Student1905,ID01905,Female,8,6,7,9,8,7,6,8,Pass
Student1906,ID01906,Male,6,6,9,7,7,6,8,8,Pass
Student1907,ID01907,Male,7,8,8,7,7,9,9,9,Pass
Student1908,ID01908,Male,7,6,8,9,9,9,6,9,Pass
Student1909,ID01909,Female,6,6,0,6,9,7,9,8,Fail
Student1910,ID01910,Female,9,8,8,6,8,9,0,9,Fail
Student1911,ID01911,Male,9,6,9,8,7,7,7,0,Fail
Student1912,ID01912,Male,8,8,9,9,8,0,6,9,Fail
Student1913,ID01913,Male,6,9,9,6,7,7,7,8,Pass
Student1914,ID01914,Male,8,7,7,6,0,7,0,8,Fail
Student1915,ID01915,Male,8,7,8,7,7,8,0,7,Fail
Student1916,ID01916,Male,8,9,6,8,9,0,7,9,Fail
Student1917,ID01917,Male,6,9,7,9,8,8,7,7,Pass
Student1918,ID01918,Female,9,7,9,6,6,7,9,9,Pass
Student1919,ID01919,Male,6,9,8,9,6,9,6,8,Pass
Student1920,ID01920,Female,6,8,8,8,7,6,9,8,Pass
Student1921,ID01921,Male,9,8,6,7,7,7,7,9,Pass
Student1922,ID01922,Male,8,6,6,8,9,7,8,6,Pass
Student1923,ID01923,Female,9,6,7,6,9,0,8,6,Fail
Student1924,ID01924,Female,6,8,7,6,6,6,7,9,Pass
Student1925,ID01925,Male,9,8,6,8,7,0,9,6,Fail
Student1926,ID01926,Male,7,7,7,8,9,9,6,8,Pass
Student1927,ID01927,Male,7,8,9,7,9,7,9,8,Pass
Student1928,ID01928,Female,7,0,8,7,7,6,6,8,Fail
Student1929,ID01929,Male,0,6,9,8,8,8,8,9,Fail
Student1930,ID01930,Male,6,9,8,6,9,6,8,8,Pass
Student1931,ID01931,Female,8,7,6,8,6,9,6,9,Pass
Student1932,ID01932,Female,9,8,9,7,7,6,6,7,Pass
Student1933,ID01933,Male,8,6,9,7,7,6,9,9,Pass
Student1934,ID01934,Male,7,9,7,6,8,7,9,8,Pass
Student1935,ID01935,Female,6,0,9,0,7,9,6,8,Fail
Student1936,ID01936,Male,7,8,9,6,6,9,8,6,Pass
Student1937,ID01937,Male,7,6,8,0,8,6,6,0,Fail
Student1938,ID01938,Female,6,6,8,6,8,9,6,8,Pass
Student1939,ID01939,Male,8,9,8,9,6,8,6,9,Pass
Student1940,ID01940,Female,6,8,0,9,6,8,8,7,Fail
Student1941,ID01941,Male,8,9,0,6,8,6,7,0,Fail
Student1942,ID01942,Male,8,7,6,8,8,8,8,9,Pass
Student1943,ID01943,Male,9,7,9,0,6,6,8,0,Fail
Student1944,ID01944,Female,8,6,9,6,6,0,8,7,Fail
Student1945,ID01945,Female,7,6,9,9,6,6,7,6,Pass
Student1946,ID01946,Female,0,7,7,9,8,9,6,8,Fail
Student1947,ID01947,Female,7,6,8,6,8,6,8,0,Fail
Student1948,ID01948,Male,6,9,9,6,6,9,7,6,Pass
Student1949,ID01949,Female,8,7,6,9,7,6,8,6,Pass
Student1950,ID01950,Female,6,9,8,8,7,0,6,7,Fail
Student1951,ID01951,Male,7,8,9,6,0,6,9,8,Fail
Student1952,ID01952,Female,8,7,6,7,7,8,8,8,Pass
Student1953,ID01953,Male,8,9,9,6,6,7,6,7,Pass
Student1954,ID01954,Female,8,8,6,8,6,9,9,9,Pass
Student1955,ID01955,Male,6,7,9,9,9,6,7,7,Pass
Student1956,ID01956,Female,7,9,9,7,8,6,6,8,Pass
Student1957,ID01957,Female,8,7,9,8,9,8,6,8,Pass
Student1958,ID01958,Male,8,7,6,9,8,7,6,8,Pass
Student1959,ID01959,Male,8,8,6,8,9,9,6,9,Pass
Student1960,ID01960,Female,8,6,8,7,9,0,9,9,Fail
Student1961,ID01961,Male,8,0,8,9,7,9,7,6,Fail
Student1962,ID01962,Male,6,9,9,8,7,0,9,0,Fail
Student1963,ID01963,Male,6,7,6,7,8,8,8,6,Pass
Student1964,ID01964,Female,8,9,9,6,8,8,9,9,Pass
Student1965,ID01965,Male,8,9,9,7,6,7,8,8,Pass
Student1966,ID01966,Female,7,6,0,0,7,8,8,0,Fail
Student1967,ID01967,Male,9,9,8,7,7,6,7,8,Pass
Student1968,ID01968,Female,8,7,9,9,8,8,6,8,Pass
Student1969,ID01969,Male,8,8,6,8,6,9,6,6,Pass
Student1970,ID01970,Female,7,0,9,8,7,8,9,6,Fail
Student1971,ID01971,Female,9,7,9,8,6,6,7,9,Pass
Student1972,ID01972,Male,7,9,8,6,9,7,0,9,Fail
Student1973,ID01973,Female,8,6,8,8,7,8,8,9,Pass
Student1974,ID01974,Female,9,0,8,9,9,0,0,6,Fail
Student1975,ID01975,Male,7,8,7,7,7,9,8,7,Pass
Student1976,ID01976,Female,7,8,6,6,8,6,8,9,Pass
Student1977,ID01977,Male,9,0,6,7,9,6,9,7,Fail
Student1978,ID01978,Female,6,9,6,7,0,6,8,9,Fail
Student1979,ID01979,Female,7,8,9,9,7,6,6,9,Pass
Student1980,ID01980,Female,9,9,9,0,7,9,6,9,Fail
Student1981,ID01981,Female,8,8,8,8,8,9,9,9,Pass
Student1982,ID01982,Male,7,6,7,8,7,9,7,8,Pass
Student1983,ID01983,Female,6,9,9,7,8,6,6,9,Pass
Student1984,ID01984,Female,8,9,6,8,8,6,9,9,Pass
Student1985,ID01985,Male,7,0,6,7,6,7,0,8,Fail
Student1986,ID01986,Female,9,7,6,7,8,8,7,8,Pass
Student1987,ID01987,Female,8,6,8,9,8,7,9,7,Pass
Student1988,ID01988,Female,6,8,0,7,8,9,8,6,Fail
Student1989,ID01989,Male,0,9,8,8,8,6,6,7,Fail
Student1990,ID01990,Male,8,9,6,7,9,7,9,7,Pass
Student1991,ID01991,Female,9,6,7,8,7,8,9,9,Pass
Student1992,ID01992,Male,7,6,9,7,9,8,6,0,Fail
Student1993,ID01993,Male,8,6,8,7,9,7,0,9,Fail
Student1994,ID01994,Female,8,6,9,6,6,7,8,7,Pass
Student1995,ID01995,Female,7,8,8,7,8,7,0,7,Fail
Student1996,ID01996,Female,6,7,7,9,6,6,8,6,Pass
Student1997,ID01997,Male,6,6,6,8,8,6,9,6,Pass
Student1998,ID01998,Male,8,6,9,7,8,8,6,9,Pass
Student1999,ID01999,Female,6,7,6,7,6,6,7,7,Pass
Student2000,ID02000,Female,9,9,7,6,8,8,6,0,Fail
